Country Code,Country, Party Name, Name (English), Acronym, PARTY in Q9,,,,,,,,,EES_code,,,,,,,,,,,,,,,,
40,Austria,Freiheitliche Partei Österreichs,Freedom Party of Austria,FPÖ,5,Q9_5,Q11_5,Q18_5,Q20_5,4001,4005,4001,5,1040420,4003,4001,5,1040420,4003,4001,5,1040420,4004,4001,5,1040420,4001,1040420,463,
40,Austria,Österreichische Volkspartei,Austrian People's Party,ÖVP,1,Q9_1,Q11_1,Q18_1,Q20_1,4002,4001,4002,1,1040520,4001,4002,1,1040520,4001,4002,1,1040520,4002,4002,1,1040520,4002,1040520,1329,
40,Austria,Sozialdemokratische Partei Österreichs,Social Democratic Party of Austria,SPÖ,2,Q9_2,Q11_2,Q18_2,Q20_2,4003,4002,4003,2,1040320,4002,4003,2,1040320,4002,4003,2,1040320,4003,4003,2,1040320,4003,1040320,1384,
40,Austria,Die Grünen – Die Grüne Alternative,The Greens – The Green Alternative,GRÜNE,4,Q9_4,Q11_4,Q18_4,Q20_4,4004,4004,4004,4,1040110,4004,4004,4,1040110,4007,4004,4,1040110,4007,4004,4,1040110,4004,1040110,1659,
40,Austria,NEOS – Das neue Europa,NEOS — The New Europe,NEOS,3,Q9_3,Q11_3,Q18_3,Q20_3,4005,4003,4005,3,1040423,4005,4005,3,1040423,4004,4005,3,1040423,4005,4005,3,1040423,4005,1040423,1970,
40,Austria,Kommunistische Partei Österreichs,Communist Party  of Austria,KPÖ,6,Q9_6,Q11_6,Q18_6,Q20_6,4006,4006,4006,6,20,4007,4006,6,20,4006,4006,6,20,4006,4006,6,20,4006,20,996,
40,Austria,Demokratisch – Neutral – Authentisch,Democratic – Neutral – Authentic,DNA,,,,,,4007,,,,,4006,4007,,,,4007,,,4009,4007,,,4007,,,
40,Austria,Die Bierpartei,The Beer Party,BIER,7,Q9_7,Q11_7,Q18_7,Q20_7,4008,4007,4008,7,,,,,,,4008,7,,4008,4008,7,,4008,,,
40,Austria,JETZT – Liste Pilz,JETZT – Pilz List,JETZT,,,,,,4009,,,,,,,,,4005,4009,,1040600,,,,,4009,1040600,6137,
40,Austria,Wandel,Change,WANDEL,,,,,,4010,,,,,,,,,4008,4010,,,,,,,4010,,,
40,Austria,MFG - Österreich Menschen - Freiheit - Grundrechte,MFG Austria - People Freedom Fundamental Rights,MFG,,,,,,4011,,4011,,,,,,,,,,,,,,,4011,,,
56,Belgium-Flanders,Vlaams Belang,Flemish Interest,VB,1,Q9_1,Q11_1,Q18_1,Q20_1,5601,56201,5601,1,1056711,56201,5601,1,1056711,56202,5601,1,1056711,56203,5601,1,1056711,5601,1056711,1968,
56,Belgium-Flanders,Nieuw-Vlaamse Alliantie,New Flemish Alliance,N-VA,2,Q9_2,Q11_2,Q18_2,Q20_2,5602,56202,5602,2,1056913,56206,5602,2,1056913,56201,5602,2,1056913,56202 & 56108,5602,2,1056913,5602,1056913,36,
56,Belgium-Flanders,Christen-Democratisch en Vlaams,Christian Democratic and Flemish,CD&V,5,Q9_5,Q11_5,Q18_5,Q20_5,5603,56205,5603,5,1056521,56208,5603,5,1056521,56204,5603,5,1056521,56205,5603,5,1056521,5603,1056521,604,
56,Belgium-Flanders,Vooruit,Forward,,3,Q9_3,Q11_3,Q18_3,Q20_3,5604,56203,5604,3,1056327,56205,5604,3,1056327,56206,5604,3,1056327,56207,5604,3,1056327,5604,1056327,1680,Forward was known as Socialist Party Different (SP.A) until 2021.
56,Belgium-Flanders,Groen,Green,,4,Q9_4,Q11_4,Q18_4,Q20_4,5605,56204,5605,4,1056112,56207,5605,4,1056112,56207,5605,4,1056112,56208,5605,4,1056112,5605,1056112,528,
56,Belgium-Flanders,Open Vlaamse Liberalen en Democraten,Open Flemish Liberals and Democrats,Open VLD,7,Q9_7,Q11_7,Q18_7,Q20_7,5606,56207,5606,7,1056421,56202,5606,7,1056421,56203,5606,7,1056421,56204,5606,7,1056421,5606,1056421,49,
56,Belgium-Flanders,Partij van de Arbeid van België,Workers' Party of Belgium,PVDA,6,Q9_6,Q11_6,Q18_6,Q20_6,5607,56206,5607,6,1056325,56204,5607,6,1056325,56205,5607,6,1056325,56206,5607,6,1056325,5607,1056325,1753,
56,Belgium-Flanders,Volt Europa,Volt Europe,Volt,,,,,,5608,,,,,56203,5608,,,,,,,,,,,5608,,,
56,Belgium-Wallonia,Mouvement Réformateur,Reformist Movement,MR,6,Q9_6,Q11_6,Q18_6,Q20_6,5690,56106,5690,6,1056427,56101,5690,6,1056427,56102,5690,6,1056427,56103,5690,6,1056427,5690,1056427,789,
56,Belgium-Wallonia,Parti Socialiste,Socialist Party,PS,1,Q9_1,Q11_1,Q18_1,Q20_1,5691,56101,5691,1,1056322,56102,5691,1,1056322,56101,5691,1,1056322,56102,5691,1,1056322,5691,1056322,500,
56,Belgium-Wallonia,Les Engagés,The Committed Ones,LE,2,Q9_2,Q11_2,Q18_2,Q20_2,5692,56102,5692,2,,56103,5692,2,,56104,5692,2,,56105,5692,2,,5692,,,
56,Belgium-Wallonia,Parti du travail de Belgique,Workers Party of Belgium,PTB,3,Q9_3,Q11_3,Q18_3,Q20_3,5693,56103,5693,3,1056335,56104,5693,3,1056335,56105,5693,3,1056335,56106,5693,3,1056335,5693,1056335,1753,
56,Belgium-Wallonia,Écologistes Confédérés pour l'organisation de luttes originales ,Confederate Ecologists for the Organisation of Original Struggles,Ecolo,4,Q9_4,Q11_4,Q18_4,Q20_4,5694,56104,5694,4,1056111,56106,5694,4,1056111,56103,5694,4,1056111,56104,5694,4,1056111,5694,1056111,1563,
56,Belgium-Wallonia,Démocrate fédéraliste indépendant,Democratic,,,,,,,,,,,,,,,,,,,,,,,,,,,
56,Belgium-Wallonia,Anticapitalistes,Anticapitalist,,,,,,,5696,,,,,56107,5696,,,,,,,,,,,,,,
56,Belgium-Wallonia,Chez Nous,Our own house,,7,Q9_7,Q11_7,Q18_7,Q20_7,5697,56107,5697,7,,,5697,7,,,,,,56109,5697,7,,5697,,,
56,Belgium-Wallonia,Parti BLANCO,Blanco Party,BLANCO,,,,,,5698,,,,,,5698,,,,5698,,,,,,,5698,,,
56,Belgium-Wallonia,Collectif Citoyen,Collectif Citoyen,,,,,,,5699,,,,,,5699,,,,5699,,,,,,,5699,,,
100,Bulgaria,Grazhdani za Evropeisko Razvitie Balgariya - Sayuz na demokratichnite sili (GERB- SDS),Citizens for European Development of Bulgaria - Union of Democratic Forces (GERB - SDS),GERB - SDS,1,,,,,10001,,,,,10006,10001,1,,,,1,,,,,,10001,,,For the 2024 EP election and the previous national election
100,Bulgaria,Dvizhenie za prava i svobodi ,Movement for Rights and Freedoms,DPS,4,Q9_4,Q11_4,Q18_4,Q20_4,10002,10004,10002,4,1100900,10009,10002,4,1100900,10006,10002,4,1100900,10008,10002,4,1100900,10002,1100900,982,
100,Bulgaria,Prodalzhavame promyanata - Demokratichna Balgariya,Coalition We Continue the Change - Democratic Bulgaria,PP - DB,2,,,,,,,,,,,,,,,,,,,,,,,,,
100,Bulgaria,Vazrazhdane,Revival ,V,7,Q9_7,Q11_7,Q18_7,Q20_7,10004,10007,10004,7,,10002,10004,7,,10003,10004,7,,10004,10004,7,,10004,,5862,
100,Bulgaria,BSP za Bŭlgariya,BSP for Bulgaria,BSP ,5,,,,,10005,,,,,10007,10005,5,,,,5,,,,,,10005,,757,BSP for Bulgaria is an electoral coalition headed by the  Bulgarian Socialist party (BSP) for the 2024 EP election and the previous national election. Respondents voting for BSP for Bulgaria in Q6 and Q8 are coded as Party 5 in Q6n and Q8n
100,Bulgaria,Ima Takŭv Narod,There is such a people,ITN,6,Q9_6,Q11_6,Q18_6,Q20_6,10006,10006,10006,6,,10001,10006,6,,10004,10006,6,,10005,10006,6,,10006,,8992,
100,Bulgaria,Velichie,Greatness,,,,,,,10007,,,,,,10007,,,,,,,,,,,10007,,,
100,Bulgaria,,Morality,,,,,,,,,,,,,,,,,,,,,,,,,,,
100,Bulgaria,Bulgarsko Natsionalno Dvizhenie,VMRO – Bulgarian National Movement,VMRO,,,,,,10009,,,,,10008,10009,,1103001,,,,,,,,,10009,1103001,2056,
100,Bulgaria,Sinya Bŭlgariya,Blue Bulgaria,,,,,,,10010,,,,,,10010,,,,,,,,,,,10010,,,
100,Bulgaria,Solidarna Bŭlgariya,Solidary Bulgaria,SB,,,,,,10011,,,,,,10011,,,,,,,,,,,10011,,,minor electoral coalition for 2024 EP election between Stand Up.BG
100,Bulgaria,Tsentŭr,Center,,,,,,,10012,,,,,,10012,,,,,,,,,,,10012,,,
100,Bulgaria,,Party of the Greens,,,,,,,10013,,,,,,10013,,,,,,,,,,,10013,,,
100,Bulgaria,Kuzman Iliev,Kuzman Iliev (Independent),,,,,,,10014,,,,,,10014,,,,,,,,,,,10014,,,
100,Bulgaria,Levitsata!,The Left!,L,,,,,,10015,,,,,10005,10015,,,,,,,,,,,10015,,,minor left-wing electoral coalition for 2024 EP election.
100,Bulgaria,Balgarski vazhod,Bulgarian Rise,BV,,,,,,10016,,,,,10004,10016,,,10007,10016,,,10009,10016,,,10016,,9060,
100,Bulgaria,Zeleno dvizhenie,Green Movement,ZD,,,,,,10017,,,,,10010,10017,,,,,,,,,,,10017,,,
100,Bulgaria,Glas naroden,People's Voice,,,,,,,10018,,,,,,10018,,,,,,,,,,,10018,,,
100,Bulgaria,Pryaka demokratsiya,Direct Democracy,,,,,,,10019,,,,,,10019,,,,,,,,,,,10019,,,
100,Bulgaria,Nie idvame,We are coming,,,,,,,10020,,,,,,10020,,,,,,,,,,,10020,,,
100,Bulgaria,,Citizens Bloc,,,,,,,10021,,,,,,10021,,,,,,,,,,,10021,,,
100,Bulgaria,Grazhdani za Evropeisko Razvitie Balgariya,Citizens for European Development of Bulgaria,GERB,1,Q9_1,Q11_1,Q18_1,Q20_1,10022,10001,10022,1,1100600,,,,,10002,10022,,1100600,10003,10022,1,1100600,10022,1100600,760,
100,Bulgaria,Prodalzhavame promyanata ,We continue the change,PP,2,Q9_2,Q11_2,Q18_2,Q20_2,10023,10002,10023,2,,,,,,,,,,10006,10023,2,,10023,,8994,
100,Bulgaria,Demokratichna Bŭlgariya ,Democratic Bulgaria,DB,3,Q9_3,Q11_3,Q18_3,Q20_3,10024,10003,10024,3,1100100,,,,,,,,,10007,10024,3,1100100,10024,1100100,9083,
100,Bulgaria,Bulgarska sotsialisticheska partiya ,Bulgarian Socialist Party,BSP,5,Q9_5,Q11_5,Q18_5,Q20_5,10025,10005,10025,5,20,,,,,10001,10025,,20,10002,10025,5,20,10025,20,757,
191,Croatia,Hrvatska demokratska zajednica,Croatian Democratic Union ,HDZ,2,Q9_2,Q11_2,Q18_2,Q20_2,19101,19102,19101,2,1191511,19102,19101,2,1191511,19103,19101,2,1191511,19103,,2,1191511,19101,1191511,1431,For the previous April 2024 national election
191,Croatia,Socijaldemokratska partija Hrvatske ,Social Democratic Party of Croatia,SDP,5,Q9_5,Q11_5,Q18_5,Q20_5,19102,19105,19102,5,1191320,19107,19102,5,1191320,19108,19102,5,,19106,19102,5,1191320,19102,1191320,1475,Since 2010
191,Croatia,Domovinski pokret,Homeland Movement,DP,1,Q9_1,Q11_1,Q18_1,Q20_1,19103,19101,19103,1,,19101,19103,1,,19101,19103,1,,19102,19103,1,,19103,,8981,
191,Croatia,Možemo! – politička platforma,We Can! – Political Platform,M!,4,Q9_4,Q11_4,Q18_4,Q20_4,19104,19104,19104,4,1191014,19105,19104,4,1191014,19107,19104,4,1191014,19105,19104,4,1191014,19104,1191014,8980,
191,Croatia,Istarski demokratski sabor ,Istrian Democratic Assembly,IDS,,,,,,19105,,,,,19103,19105,,1191953,19105,19105,,,,19105,,,19105,1191953,513,For the 2024 EP election
191,Croatia,,Independent list of Nina Skočak,,,,,,,19106,,,,,,19106,,,,,,,,,,,19106,,,
191,Croatia,Most ,Bridge of Independent Lists,MOST,3,Q9_3,Q11_3,Q18_3,Q20_3,19107,19103,19107,3,1191601,19104,19107,3,1191601,19106,19107,3,,19104,,3,1191601,19107,1191601,4865,For the 2024 EP election
191,Croatia,Pravo i Pravda,Law and Justice,PiP,,,,,,19108,,19108,,,19106,19108,,,,19108,,,,19108,,,19108,,,Law and Justice ran on a list led by the Homeland Movement in the previous April 2024 national election. Hence
191,Croatia,Odlučnost i pravednost,Determination and Justice,OiP,,,,,,19109,,19109,,,,19109,,,,19109,,,,19109,,,19109,,,
191,Croatia,Ričard Nezavisni,Ričard Independent,,,,,,,19110,,19110,,,,19110,,,,,,,,,,,19110,,,
191,Croatia,Hrvatska stranka umirovljenika,Croatian Party of Pensioners,HSU,,,,,,19111,,19111,,,,19111,,,,19111,,,,,,,19111,,,
191,Croatia,Radnička fronta,Workers' Front,RF,,,,,,19112,,19112,,,,19112,,,,19112,,,,19112,,,19112,,,
191,Croatia,Umirovljenici zajedno,Pensioners Together,BUZ,,,,,,19113,,,,,,19113,,,,19113,,,,,,,19113,,,
191,Croatia,Pokret za životinje,Movement for Animals,,,,,,,19114,,,,,,19114,,,,,,,,,,,19114,,,
191,Croatia,Agrarna stranka - Pokret za hrvatsku poljoprivredu,Agrarian Party,,,,,,,19115,,,,,,19115,,,,19115,,,,,,,19115,,,
191,Croatia,Republika,Republic,,,,,,,19116,,,,,,19116,,,,,,,,,,,19116,,,
191,Croatia,Hrvatska stranka građanskog otpora,Croatian Civil Resistance Party,HSGO,,,,,,19117,,,,,,19117,,,,,,,,,,,19117,,,
191,Croatia,Dalmatinska akcija,Dalmatian Action,DA,,,,,,19118,,,,,,19118,,,,19118,,,,,,,19118,,,
191,Croatia,Javno Dobro,Public Good,,,,,,,19119,,19119,,,,19119,,,,19119,,,,19119,,,19119,,,
191,Croatia,Hrvatski suverenisti ,Croatian Sovereignists,HS,,,,,,19120,,,,,,,,,19104,19120,,,,,,,19120,,9086,Croatian Sovereignists and the Bridge (MOST) formed a joined list for the previous April 2024 croatian election. However
191,Croatia,Fokus,Focus,,,,,,,19121,,19121,,,,,,,19102,19121,,,,19121,,,19121,,,Focus and Republic formed a joint list for the previous April 2024 national election. However
191,Croatia,Naša Hrvatska,"Coalition ""Our Croatia""",,,,,,,19122,,,,,,,,,,19122,,,,,,,19122,,,Our Croatia is an alliance participating in the previous April 2024 national election (Q8). Its main member parties are the Social Democrats (SD)
191,Croatia,Stranka Ivana Pernara,Party of Ivan Pernar ,SiP,,,,,,19123,,,,,,,,,,19123,,,,,,,19123,,,
191,Croatia,Hrvatska stranka prava,Croatian Party of Rights,HSP,,,,,,19124,,,,,,,,,,19124,,,,19124,,,19124,,,
191,Croatia,Samostalna demokratska srpska stranka,Independent democratic serb party ,SDSS,,,,,,19125,,,,,,,,,,19125,,,,19125,,,19125,,,
191,Croatia,Centar,Center,,,,,,,19126,,19126,,,,,,,,,,,,,,,19126,,,
191,Croatia,Socijaldemokrati,Social Democrats,,,,,,,19127,,19127,,,,,,,,,,,,19127,,,19127,,,
191,Croatia,Nezavisna Platforma Sjever,Independent Platform of the North,NPS,,,,,,19128,,19128,,,,,,,,,,,,19128,,,19128,,,
191,Croatia,Nezavisna lista mladih,Independent Youth List,NLM,,,,,,19129,,19129,,,,,,,,,,,,,,,19129,,,
191,Croatia,Hrvatska seljačka stranka,Croatian Peasant Party,HSS,,,,,,19130,,,,,,,,,,,,,,,,,19130,,,
196,Cyprus,Δημοκρατικός Συναγερμός (ΔΗΣΥ),Democratic Rally,DISY,1,Q9_1,Q11_1,Q18_1,Q20_1,19601,19601,19601,1,1196711,19603,19601,1,1196711,19604,19601,1,1196711,19605,19601,1,1196711,19601,1196711,563,
196,Cyprus,ΑΚΕΛ - Αριστερά - Κοινωνική Συμμαχία,Progressive Party  of Working People ,AKEL,2,Q9_2,Q11_2,Q18_2,Q20_2,19602,19602,19602,2,1196321,19601,19602,2,1196321,19601,19602,2,1196321,19602,19602,2,1196321,19602,1196321,1076,
196,Cyprus,,Fidias Panayiotou (Independent),,,,,,,19603,,,,,,19603,,,,,,,,,,,19603,,,
196,Cyprus,Εθνικό Λαϊκό Μέτωπο (ΕΛΑΜ),National Popular Front,ELAM,4,Q9_4,Q11_4,Q18_4,Q20_4,19604,19604,19604,4,1196951,19602,19604,4,1196951,19606,19604,4,1196951,19607,19604,4,1196951,19604,1196951,1013,
196,Cyprus,Δημοκρατικό Κόμμα (ΔΙΚΟ),Democratic Party,DIKO,3,Q9_3,Q11_3,Q18_3,Q20_3,19605,19603,19605,3,1196422,19604,19605,3,1196422,19602,19605,3,1196422,19603,19605,3,1196422,19605,1196422,635,
196,Cyprus,Ενιαία Δημοκρατική Ένωση Κέντρου (ΕΔΕΚ),Movement for Social Democracy,EDEK,6,Q9_6,Q11_6,Q18_6,Q20_6,19606,19606,19606,6,,19605,19606,6,,,,,,19606,19606,6,,19606,,1028,
196,Cyprus,Volt,Volt,Volt,8,Q9_8,Q11_8,Q18_8,Q20_8,19607,19608,19607,8,,19609,19607,8,,,,,,19610,19607,8,,19607,,,
196,Cyprus,Δημοκρατική Παράταξη - Συνεργασία Δημοκρατικών Δυνάμεων (ΔΗΠΑ),Democratic Alignment ,DIPA,7,Q9_7,Q11_7,Q18_7,Q20_7,19608,19607,19608,7,1196442,19606,19608,7,1196442,19603,19608,7,1196442,19604,19608,7,1196442,19608,1196442,9074,
196,Cyprus,Κίνημα Οικολόγων-Συνεργασία Πολιτών,Movement of Ecologists – Citizens' Cooperation,KOSP,5,Q9_5,Q11_5,Q18_5,Q20_5,19609,19605,19609,5,1196110,19607,19609,5,1196110,19608,19609,5,1196110,19609,19609,5,1196110,19609,1196110,858,
196,Cyprus,Ενεργοί πολίτες - Κίνημα Ενωμένων Κύπριων Κυνηγών,Active Citizens - Movement of United Cypriot Hunters,,,,,,,19610,,,,,19608,19610,,,19607,19610,,,19608,19610,,,19610,,4894,
196,Cyprus,,National Action Movement,,,,,,,19611,,,,,,19611,,,,19611,,,,,,,19611,,,
196,Cyprus,Ενιαία Δημοκρατική Ένωση Κέντρου (ΕΔΕΚ) + Συμμαχία Πολιτών,EDEK + Citizens' Alliance ,,6,,,,,19612,,,,,,,,,19605,19612,6,,,,,,19612,,,For the previous 2021 parliamentary election
196,Cyprus,Αλλαγή Γενιάς,Generation Change,,,,,,,19613,,,,,,,,,,19613,,,,,,,19613,,,
196,Cyprus,Κίνημα Αλληλεγγύη,Solidarity Movement,,,,,,,19614,,,,,,,,,,19614,,,,,,,19614,,,
196,Cyprus,Ενωμένοι Δημοκράτες,United Democrats,EDI,,,,,,19615,,,,,,,,,,,,,,19615,,,19615,,,
203,Czechia,Akce nespokojených občanů,Action of Dissatisfied Citizens,ANO 2011,1,Q9_1,Q11_1,Q18_1,Q20_1,20301,20301,20301,1,1203423,20304,20301,1,1203423,20307,20301,1,1203423,20302,20301,1,1203423,20301,1203423,2141,
203,Czechia,SPOLU (ODS+TOP 09+KDU-ČSL),Together ,SPOLU,2,,,,,,,,,,,,,,,,,,,,,,,,,
203,Czechia,Přísaha a Motoristé,Přísaha and Motorists,P + AUTO,,,,,,20303,,20303,,,20302,20303,,,,,,,,20302,,,20303,,,Přísaha and Motorists is an electoral coalition between Prisaha and Motorists for Themselves formed for the EP 2024 election. 
203,Czechia,Koalice Stačilo (KSČM+ČSNS,,,,,,,,,,,,,,,,,,,,,,,,,,,,
203,Czechia,Starostové a osobnosti pro Evropu,Mayors and Independents,STAN,5,Q9_5,Q11_5,Q18_5,Q20_5,20305,20305,20305,5,20,20306,20305,5,20,,,,,20306,20305,5,20,20305,20,1707,"STAN contested the EP 2024 elections as ""Mayors and Personalities for Europe"" (Starostové a osobnosti pro Evropu in Czech). "
203,Czechia,Pirátská strana ,Czech Pirate Party,Piráti ,3,Q9_3,Q11_3,Q18_3,Q20_3,20306,20303,20306,3,1203901,20307,20306,3,1203901,,,,,20304,20306,3,1203901,20306,1203901,2047,
203,Czechia,Koalice SPD + Trikolora,Freedom and Direct Democracy + Tricolour,SPD + Trikolora,4,,,,,20307,,,,,20301,20307,4,,,,,,,,,,20307,,,Freedom and Direct Democracy (SPD) and Tricolour (Trikolora) formed an alliance for the 2024 EP election. Respondents voting for the SPD+Trikolora coalition are coded as having voted for Party 4 (SPD) in Q6n
203,Czechia,Právo Respekt Odbornost,Law,,,,,,,,,,,,,,,,,,,,,,,,,,,
203,Czechia,Sociální demokracie,Social Democracy,SOCDEM,7,Q9_7,Q11_7,Q18_7,Q20_7,20309,20307,20309,7,1203320,,20309,7,1203320,20302,20309,7,1203320,20308,20309,7,1203320,20309,1203320,177,Social Democracy (SOCDEM) was known as the Czech Social Democratic Party (ČSSD) until 2023.
203,Czechia,Svobodní,Svobodní,,,,,,,20310,,20310,,1203953,,20310,,1203953,,,,,,20310,,,20310,1203953,,Svobodní was known as Party of Free Citizens until 2019. 
203,Czechia,Strana zelených,Green Party,Zelení,,,,,,20311,,20311,,,,20311,,1203110,,20311,,,,20311,,,20311,1203110,,
203,Czechia,Aliance za nezávislost ČR,Alliance for the Independence of the Czech Republic,,,,,,,20312,,,,,,20312,,,,,,,,,,,20312,,,
203,Czechia,Demokratická strana zelených – Za práva zvířat,Democratic Party of Greens – For Animal Rights,DSZ,,,,,,20313,,,,,,20313,,,,20313,,,,,,,20313,,,
203,Czechia,Sen21 & Volt Česká republika,Sen21 & Volt Czech Republic,,,,,,,20314,,,,,,20314,,,,,,,,,,,20314,,,
203,Czechia,ČSSD – Česká suverenita sociální demokracie,Czech Sovereignty of Social Democracy,ČSSD,,,,,,20315,,,,,20303,20315,,,,20315,,,,,,,20315,,,Czech Sovereignty of Social Democracy (ČSSD) was previously known by a variety of names
203,Czechia,Česká republika na 199 místě!,Czech Republic in First Place!,ČR1,,,,,,20316,,20316,,,,20316,,,,,,,,20316,,,20316,,,
203,Czechia,Mourek - politická strana,Mourek - Political Party,Mourek,,,,,,20317,,,,,,20317,,,,,,,,,,,20317,,,
203,Czechia,Liberální aliance nezávislých občanů,Liberal Alliance of Independent Citizens,LANO,,,,,,20318,,20318,,,,20318,,,,,,,,20318,,,20318,,,
203,Czechia,Občanská demokratická strana,Civic Democratic Party,ODS,2,Q9_2,Q11_2,Q18_2,Q20_2,20319,20302,20319,2,1203413,,,,,,,,,20303,20319,2,1203413,20319,1203413,466,
203,Czechia,Tradice Odpovědnost Prosperita 09,Tradition Responsibility Prosperity 09,TOP09,6,Q9_6,Q11_6,Q18_6,Q20_6,20320,20306,20320,6,1203530,,,,,,,,,20307,20320,6,1203530,20320,1203530,223,
203,Czechia,Křesťanská a Demokratická Unie – Československá Strana Lidová,Christian Democratic Union / People's  Party,KDU–ČSL,,,,,,20321,,20321,,1203523,,,,,,,,,20310,20321,,1203523,20321,1203523,676,
203,Czechia,Komunistická strana Čech a Moravy,Communist Party of Bohemia and Moravia,KSČM,8,Q9_8,Q11_8,Q18_8,Q20_8,20322,20308,20322,8,1203220,,,,,20306,20322,8,1203220,20309,20322,8,1203220,20322,1203220,1728,
203,Czechia,Strana přímé demokracie Tomio Okamura ,Freedom and Direct Democracy,SPD,4,Q9_4,Q11_4,Q18_4,Q20_4,20323,20304,20323,4,1203951,,,,,20301,20323,4,1203951,20305,20323,4,1203951,20323,1203951,6125,
203,Czechia,Koalice PirSTAN (Piráti,,,,,,,,,,,,,,,,,,,,,,,,,,,,
203,Czechia,PŘÍSAHA občanské hnutí,Oath,P,,,,,,20325,,20325,,,,,,,20303,20325,,,,20325,,,20325,,9002,
203,Czechia,Tricolor-Svobodni-Soukromníci ,Tricolor-Svobodni-Soukromníci Alliance,,,,,,,20326,,,,,,,,,,20326,,,,,,,20326,,,
203,Czechia,Moravané,Moravians,,,,,,,20327,,,,,,,,,,20327,,,,20327,,,20327,,,
203,Czechia,Koruna Česká (monarchistická strana Čech,,,,,,,,,,,,,,,,,,,,,,,,,,,,
203,Czechia,Nevolte Urza.cz,Don't Vote Urza.cz,,,,,,,20329,,,,,,,,,,20329,,,,,,,20329,,,
203,Czechia,Motoristé sobě,Motorists for Themselves,AUTO,,,,,,20330,,20330,,,,,,,,,,,,20330,,,20330,,,
203,Czechia,Aliance národních sil,Alliance of National Forces,ANS,,,,,,20331,,,,,,,,,,,,,,20331,,,20331,,,
208,Denmark,Socialistisk Folkeparti,Green Left / Socialist People's Party,SF,3,Q9_3,Q11_3,Q18_3,Q20_3,20801,20803,20801,3,1208330,20804,20801,3,1208330,20805,20801,3,1208330,20806,20801,3,1208330,20801,1208330,329,
208,Denmark,Socialdemokratiet,Social Democrats,S,1,Q9_1,Q11_1,Q18_1,Q20_1,20802,20801,20802,1,1208320,20801,20802,1,1208320,20801,20802,1,1208320,20802,20802,1,1208320,20802,1208320,379,
208,Denmark,Venstre – Danmarks Liberale Parti,Venstre,,,,,,,,,,,,,,,,,,,,,,,,,,,
208,Denmark,Det Konservative Folkeparti,Conservative People's Party,KF,2,Q9_2,Q11_2,Q18_2,Q20_2,20804,20802,20804,2,1208620,20803,20804,2,1208620,20803,20804,2,1208620,20804,20804,2,1208620,20804,1208620,536,
208,Denmark,Danmarksdemokraterne - Inger Støjberg,Denmark Democrats - Inger Støjberg,DD,7,Q9_7,Q11_7,Q18_7,Q20_7,20805,20807,20805,7,,20809,20805,7,,20810,20805,7,,20811,20805,7,,20805,,9062,
208,Denmark,Radikale Venstre,Danish Social Liberal Party,RV,,,,,,20806,,20806,,1208410,20802,20806,,1208410,20802,20806,,1208410,20803,20806,,1208410,20806,1208410,1204,
208,Denmark,Enhedslisten – De Rød-Grønne,Unity List - Red-Green Alliance,EL,8,Q9_8,Q11_8,Q18_8,Q20_8,20807,20808,20807,8,1208220,20810,20807,8,1208220,20811,20807,8,1208220,20812,20807,8,1208220,20807,1208220,1527,
208,Denmark,Liberal Alliance ,Liberal Alliance,LA,4,Q9_4,Q11_4,Q18_4,Q20_4,20808,20804,20808,4,1208421,20805,20808,4,1208421,20806,20808,4,1208421,20807,20808,4,1208421,20808,1208421,212,
208,Denmark,Dansk Folkeparti ,Danish People's Party,DF,5,Q9_5,Q11_5,Q18_5,Q20_5,20809,20805,20809,5,1208720,20807,20809,5,1208720,20808,20809,5,1208720,20809,20809,5,1208720,20809,1208720,1022,
208,Denmark,Moderaterne,Moderates,M,,,,,,20810,,20810,,,20806,20810,,,20807,20810,,,20808,20810,,,20810,,9063,
208,Denmark,Alternativet,The Alternative,A,,,,,,20811,,20811,,20,20811,20811,,20,20812,20811,,20,20813,20811,,20,20811,20,4070,
208,Denmark,Nye Borgerlige,New Right,NB,,,,,,20812,,20812,,,,,,,20804,20812,,,20805,20812,,,20812,,7339,
208,Denmark,Kristendemokraterne,Christian Democrats,KD,,,,,,20813,,20813,,20,,,,,,20813,,,,20813,,,20813,20,53,
208,Denmark,Folkebevægelsen mod EU,People's Movement against the EU,,,,,,,20814,,,,,,,,,,20814,,1208954,,,,,20814,1208954,333,
208,Denmark,Frihedslisten,Freedom List ,,,,,,,20815,,,,,,,,,,20815,,,,,,,20815,,,
208,Denmark,Danmarks Kommunistiske Parti,Communist Party of Denmark,DKP,,,,,,20816,,20816,,,,20816,,,,20816,,,,20816,,,20816,,277,
208,Denmark,Stabilt Demokrati,Stable Democracy,,,,,,,20817,,20817,,,,,,,,,,,,20817,,,20817,,,
233,Estonia,Isamaa Erakond,Fatherland,Isamaa,1,Q9_1,Q11_1,Q18_1,Q20_1,23301,23301,23301,1,1233613,23306,23301,1,1233613,23306,23301,1,1233613,23302,23301,1,1233613,23301,1233613,,
233,Estonia,Sotsiaaldemokraatlik Erakond,Social Democratic Party  ,SDE,4,Q9_4,Q11_4,Q18_4,Q20_4,23302,23304,23302,4,1233410,23305,23302,4,1233410,23305,23302,4,1233410,23305,23302,4,1233410,23302,1233410,1150,
233,Estonia,Eesti Reformierakond,Estonian Reform ,ER,2,Q9_2,Q11_2,Q18_2,Q20_2,23303,23302,23303,2,1233430,23307,23303,2,1233430,23301,23303,2,1233430,23303,23303,2,1233430,23303,1233430,821,
233,Estonia,Eesti Konservatiivne Rahvaerakond,Conservative People's Party of Estonia,EKRE,3,Q9_3,Q11_3,Q18_3,Q20_3,23304,23303,23304,3,1233810 ,23302,23304,3,1233810 ,23302,23304,3,1233810 ,23304,23304,3,1233810 ,23304,1233810 ,4094,
233,Estonia,Eesti Keskerakond,Estonian Centre Party,EK,5,Q9_5,Q11_5,Q18_5,Q20_5,23305,23305,23305,5,1233411,23308,23305,5,1233411,23303,23305,5,1233411,23306,23305,5,1233411,23305,1233411,533,
233,Estonia,Erakond Parempoolsed,Right-wingers / the Right,P,7,Q9_7,Q11_7,Q18_7,Q20_7,23306,23307,23306,7,,23309,23306,7,,23309,23306,7,,23308,23306,7,,23306,,83,
233,Estonia,KOOS organisatsioon osutab suveräänsusele,TOGETHER organization points to sovereignty,KOOS,,,,,,23307,,23307,,,23301,23307,,,,23307,,,,23307,,,23307,,,
233,Estonia,Erakond Eesti 200,Estonia 200,E200,6,Q9_6,Q11_6,Q18_6,Q20_6,23308,23306,23308,6,1233420,23304,23308,6,1233420,23304,23308,6,1233420,23307,23308,6,1233420,23308,1233420,7340,
233,Estonia,Erakond Eestimaa Rohelised,Estonian Greens,EER,,,,,,23309,,23309,,1233100,23303,23309,,1233100,23307,23309,,1233100,23309,23309,,1233100,23309,1233100,1040,
233,Estonia,Eestimaa Ühendatud Vasakpartei/ Vasakpoolsed,Estonian United Left / the Left Party,EUV,,,,,,23310,,,,,,,,,23308,23310,,20,,,,,23310,20,9124,
246,Finland,Kansallinen Kokoomus,National Coalition Party,KOK,2,Q9_2,Q11_2,Q18_2,Q20_2,24601,24602,24601,2,1246620,24612,24601,2,1246620,24601,24601,2,1246620,24603,24601,2,1246620,24601,1246620,495,
246,Finland,Vasemmistoliitto,Left Alliance,VAS,5,Q9_5,Q11_5,Q18_5,Q20_5,24602,24605,24602,5,1246223,24605,24602,5,1246223,24605,24602,5,1246223,24606,24602,5,1246223,24602,1246223,1044,
246,Finland,Suomen Sosialidemokraattinen Puolue ,Social Democratic Party of Finland,SDP,1,Q9_1,Q11_1,Q18_1,Q20_1,24603,24601,24603,1,1246320,24608,24603,1,1246320,24603,24603,1,1246320,24602,24603,1,1246320,24603,1246320,1303,
246,Finland,Suomen Keskusta ,Centre Party,KESK,4,Q9_4,Q11_4,Q18_4,Q20_4,24604,24604,24604,4,1246810,24607,24604,4,1246810,24604,24604,4,1246810,24605,24604,4,1246810,24604,1246810,901,
246,Finland,Vihreä Liitto ,Green League,VIHR,6,Q9_6,Q11_6,Q18_6,Q20_6,24605,24606,24605,6,1246110,24611,24605,6,1246110,24606,24605,6,1246110,24607,24605,6,1246110,24605,1246110,901,
246,Finland,Perussuomalaiset,Finns Party,PS,3,Q9_3,Q11_3,Q18_3,Q20_3,24606,24603,24606,3,1246820,24604,24606,3,1246820,24602,24606,3,1246820,24604,24606,3,1246820,24606,1246820,1689,
246,Finland,Suomen ruotsalainen kansanpuolue ,Swedish People's Party of Finland,RKP,7,Q9_7,Q11_7,Q18_7,Q20_7,24607,24607,24607,7,1246901,24606,24607,7,1246901,24607,24607,7,1246901,24608,24607,7,1246901,24607,1246901,1229,
246,Finland,Suomen Kristillisdemokraatit,Christian Democrats,KD,8,Q9_8,Q11_8,Q18_8,Q20_8,24608,24608,24608,8,1246520,24602,24608,8,1246520,24608,24608,8,1246520,24609,24608,8,1246520,24608,1246520,703,
246,Finland,Vapauden Liitto,Freedom Alliance,VL,,,,,,24609,,24609,,,,24609,,,,24609,,,,24609,,,24609,,,
246,Finland,Liike Nyt,Movement Now,Liik,,,,,,24610,,24610,,,24603,24610,,,24609,24610,,,24610,24610,,,24610,,8639,
246,Finland,Liberaalipuolue – Vapaus valita,Liberal Party  - Freedom to Choose,Lib,,,,,,24611,,,,,24601,24611,,20,,,,,,24611,,20,24611,20,,
246,Finland,Suomen Kommunistinen Puolue,Communist Party of Finland ,SKP,,,,,,24612,,,,,24609,24612,,20,,,,,,,,,24612,20,7030,
246,Finland,Avoin Puolue,The Open Party,AP,,,,,,24613,,,,,24610,24613,,,,,,,,,,,24613,,,
246,Finland,Valta kuuluu kansalle,Power Belongs to the People,VKK,,,,,,24614,,24614,,,,,,,,,,,,24614,,,24614,,,
246,Finland,Eläinoikeuspuolue,Animal Justice Party of Finland,EOP,,,,,,24615,,,,,,,,,,24615,,20,,24615,,,24615,20,,
246,Finland,Piraattipuolue,Pirate Party,,,,,,,24616,,,,,,,,,,24616,,20,,,,,24616,20,9148,
246,Finland,Sinimusta Liike,Blue-and-Black Movement,SML,,,,,,24617,,24617,,,,,,,,,,,,,,,24617,,,
250,France,Rassemblement National,National Rally,RN,1,Q9_1,Q11_1,Q18_1,Q20_1,25001,25001,25001,1,1250720,25003,25001,1,1250720,25003,25001,1,1250720,25002,25001,1,1250720,25001,1250720,433,"The RN contested the EP 2024 election with the list ""La liste du Rassemblement National"
250,France,Renaissance,Renaissance,RE,2,Q9_2,Q11_2,Q18_2,Q20_2,25002,25002,25002,2,1250438,25006,25002,2,1250438,,,,,25003,25002,2,1250438,25002,1250438,5857,"RE contested the 2024 EP election with the list ""La liste de Renaissance"
250,France,Parti Socialiste,Socialist Party,PS,6,Q9_6,Q11_6,Q18_6,Q20_6,25003,25006,25003,6,1250320,25010,25003,6,1250320,,,,,25007,25003,6,1250320,25003,1250320,1478,"PS contested the 2024 EP election with the list ""La liste du Parti Socialiste - Place Publique"
250,France,La France Insoumise,Unbowed France,LFI,3,Q9_3,Q11_3,Q18_3,Q20_3,25004,25003,25004,3,1250225,25002,25004,3,1250225,,,,,25004,25004,3,1250225,25004,1250225,5858,"LFI contested the 2024 EP election with the list ""La liste de La France Insoumise"
250,France,Les Républicains,The Republicans,LR,4,Q9_4,Q11_4,Q18_4,Q20_4,25005,25004,25005,4,1250626,25007,25005,4,1250626,,,,,25005,25005,4,1250626,25005,1250626,8168,"LR contested the 2024 EP election with the list ""La liste des Républicains"
250,France,Europe Ecologie - Les Verts,Europe Ecology - The Greens,EELV,5,Q9_5,Q11_5,Q18_5,Q20_5,25006,25005,25006,5,1250110,25004,25006,5,1250110,,,,,25006,25006,5,1250110,25006,1250110,5650,"EELV contested the 2024 EP election with the list ""La liste Europe Ecologie - Les Verts"
250,France,Reconquête,Reconquest,R,7,Q9_7,Q11_7,Q18_7,Q20_7,25007,25007,25007,7,,25001,25007,7,,25005,25007,7,,25008,25007,7,,25007,,9064,"Reconquête contested the 2024 EP election with the list ""La liste de Reconquête"
250,France,Parti Communiste Français,French Communist Party,PCF,,,,,,25008,,,,,25011,25008,,1250223,,,,,,,,,25008,1250223,1251,"PCF contested the 2024 EP election with the list ""La liste du Parti Communiste Français"
250,France,Alliance Rurale,Rural Alliance,,,,,,,25009,,,,,,25009,,,,,,,,,,,25009,,,
250,France,Parti Animaliste,Animalist Party,PA,,,,,,25010,,,,,25005,25010,,,,,,,,,,,25010,,7343,"PA contested the 2024 EP election with the list ""La liste du Parti Animaliste"
250,France,Écologie au centre,Ecology at the Centre,ÉAC,,,,,,25011,,,,,,25011,,,,,,,,,,,25011,,,
250,France,Union Populaire Républicaine,Popular Republican Union,UPR,,,,,,25012,,,,,,25012,,20,,,,,,,,,25012,20,7344,
250,France,Les Patriotes,The Patriots,LP,,,,,,25013,,,,,25009,25013,,,,,,,,,,,25013,20,,"LP contested the 2024 EP election with the list ""La liste des Patriotes"
250,France,Lutte Ouvrière,Workers' Struggle,LO,,,,,,25014,,,,,25008,25014,,20,,,,,25010,25014,,20,25014,20,617,"LO contested the 2024 EP election with the list ""La liste de la Lutte Ouvrière"
250,France,Ensemble - Renaissance,,,,,,,,,,,,,,,,,,,,,,,,,,,,
250,France,NUPES - La France Insoumise (LFI),,,,,,,,,,,,,,,,,,,,,,,,,,,,
250,France,Union de la Droite et du Centre - Les Républicains et alliés,Union of the Right and Centre - Republicans and allies,UDC (LR,,,,,,,,,,,,,,,,,,,,,,,,,,
250,France,Mouvement démocrate,Democratic Movement,MoDem,,,,,,25018,,,,,,,,,,,,,25009,25018,,20,25018,20,496,
250,France,Place Publique ,Public Square,PP,,,,,,25019,,,,,,,,,,,,,25011,25019,,20,25019,20,,
276,Germany,Christlich Demokratische Union / Christlich Soziale Union,Christian Democratic Union/Christian Social Union ,CDU/CSU,1,Q9_1,Q11_1,Q18_1,Q20_1,27601,27601,27601,1,1276521,27601,27601,1,1276521,27601,27601,1,1276521,27602,27601,1,1276521,27601,1276521,211,CDU/CSU is a long-standing political alliance between the Christian Democratic Union (CDU) and the Christian Social Union in Bavaria (CSU). While the CSU only contests elections in the state of Bavaria
276,Germany,Alternative für Deutschland,Alternative for Germany ,AfD,6,Q9_6,Q11_6,Q18_6,Q20_6,27602,27606,27602,6,1276621,27604,27602,6,1276621,27606,27602,6,1276621,27607,27602,6,1276621,27602,1276621,1976,
276,Germany,Sozialdemokratische Partei Deutschlands,Social Democratic Party  of Germany,SPD,2,Q9_2,Q11_2,Q18_2,Q20_2,27603,27602,27603,2,1276320,27603,27603,2,1276320,27602,27603,2,1276320,27603,27603,2,1276320,27603,1276320,383,
276,Germany,Bündnis 90/Die Grünen,Alliance 90/The Greens,GRÜNE,4,Q9_4,Q11_4,Q18_4,Q20_4,27604,27604,27604,4,1276113,27602,27604,4,1276113,27605,27604,4,1276113,27606,27604,4,1276113,27604,1276113,1816,
276,Germany,Bündnis Sahra Wagenknecht,Sahra Wagenknecht Alliance,BSW,7,Q9_7,Q11_7,Q18_7,Q20_7,27605,27607,27605,7,,27616,27605,7,,,,,,27608,27605,7,,27605,,,BSW is a new party founded ahead of the EP 2024 election. Hence
276,Germany,Freie Demokratische Partei,Free Democratic Party,FDP,3,Q9_3,Q11_3,Q18_3,Q20_3,27606,27603,27606,3,1276420,27606,27606,3,1276420,27604,27606,3,1276420,27605,27606,3,1276420,27606,1276420,573,
276,Germany,Die Linke,The Left,Linke,5,Q9_5,Q11_5,Q18_5,Q20_5,27607,27605,27607,5,1276321,27605,27607,5,1276321,27603,27607,5,1276321,27604,27607,5,1276321,27607,1276321,1545,
276,Germany,Freie Wähler ,Free Voters,FW,,,,,,27608,,27608,,,27608,27608,,20,27607,27608,,20,,,,,27608,20,1090,
276,Germany,Volt Deutschland,Volt Germany,Volt,,,,,,27609,,27609,,,27612,27609,,,,,,,,27609,,,27609,,,
276,Germany,Die PARTEI,The Party,Die PARTEI,,,,,,27610,,27610,,,27607,27610,,20,,,,,,27610,,20,27610,20,6126,
276,Germany,Tierschutzpartei,Animal Welfare Party,,,,,,,27611,,27611,,,27609,27611,,20,27608,27611,,20,,27611,,20,27611,20,749,
276,Germany,Ökologisch-Demokratische Partei,Ecological Democratic Party ,ÖDP,,,,,,27612,,,,,27610,27612,,20,,,,,,27612,,20,27612,20,7345,
276,Germany,Familien-Partei,Family Party,Familie,,,,,,27613,,,,,27611,27613,,20,,,,,,,,,27613,20,,
276,Germany,Partei des Fortschritts,Party of Progress,PdF,,,,,,27614,,,,,,27614,,,,,,,,,,,27614,,,
276,Germany,Piratenpartei,Pirate Party,Piraten,,,,,,27615,,27615,,1276951,27613,27615,,1276951,,,,,,27615,,,27615,1276951,1287,
276,Germany,Bündnis Deutschland,Alliance Germany,BD,,,,,,27616,,27616,,,,27616,,,,,,,,27616,,,27616,,,
276,Germany,Demokratische Allianz für Vielfalt und Aufbruch,Democratic Alliance for Diversity and Awakening,DAVA,,,,,,27617,,,,,,27617,,,,,,,,27617,,,27617,,,
276,Germany,MERA25 ,MERA25,MERA25,,,,,,27618,,,,,,,,,,,,,,27618,,,27618,,,
276,Germany,Parlament aufmischen – Stimme der Letzten Generation,Last Generation,LG,,,,,,27619,,,,,,27619,,,,,,,,,,,27619,,,
276,Germany,Basisdemokratische Partei Deutschland,Grassroots Democratic Party  of Germany,dieBasis,,,,,,27620,,,,,27615,27620,,,27609,27620,,,,27620,,,27620,,8993,
276,Germany,Partei der Humanisten,Party of Humanists,PdH,,,,,,27621,,27621,,,,27621,,,,,,,,,,,27621,,,
276,Germany,Bündnis C - Christen für Deutschland,Alliance C - Christians for Germany,Bündnis C,,,,,,27622,,27622,,,,27622,,,,,,,,27622,,,27622,,,
276,Germany,Menschliche Welt,Human World,MENSCHLICHE WELT,,,,,,27623,,,,,,27623,,,,,,,,,,,27623,,,
276,Germany,Die Heimat,The Homeland,HEIMAT,,,,,,27624,,,,,27614,27624,,20,,,,,,,,,27624,20,1723,
276,Germany,Deutsche Kommunistische Partei,German Communist Party,DKP,,,,,,27625,,,,,,,,,,,,,,27625,,,27625,,,
276,Germany,Die Gerechtigkeitspartei – Team Todenhöfer,The Justice Party – Team Todenhöfer,,,,,,,27626,,27626,,,,,,,,,,,,,,,27626,,,
276,Germany,Südschleswigscher Wählerverband,South Schleswig Voters' Association,SSW,,,,,,27627,,,,,,,,,,,,,,27627,,,27627,,,
300,Greece,Néa Đimokratía,New Democracy,ND,1,Q9_1,Q11_1,Q18_1,Q20_1,30001,30001,30001,1,1300511,30002,30001,1,1300511,30001,30001,1,1300511,30002,30001,1,1300511,30001,1300511,794,
300,Greece,Synaspismós Rizospastikís Aristerás (SYRIZA),Coalition of the Radical Left,SYRIZA,2,Q9_2,Q11_2,Q18_2,Q20_2,30002,30002,30002,2,1300215,30004,30002,2,1300215,30002,30002,2,1300215,30003,30002,2,1300215,30002,1300215,301,
300,Greece,PASÓK - Kínima Allagís,PASOK-Movement for Change,PASOK-KINAL,3,Q9_3,Q11_3,Q18_3,Q20_3,30003,30003,30003,3,1300314,30003,30003,3,1300314,30003,30003,3,1300314,30004,30003,3,1300314,30003,1300314,7909,PASOK – Movement for Change is an alliance established in 2018 between the Panhellenic Socialist Movement (PASOK) and Movement of Democratic Socialists (KIDISO). Respondents rated PASOK-KINAL jointly in Q9
300,Greece,Ellinikí Lýsi,Greek Solution,EL,4,Q9_4,Q11_4,Q18_4,Q20_4,30004,30004,30004,4,1300703,30001,30004,4,1300703,30006,30004,4,1300703,30005,30004,4,1300703,30004,1300703,7347,
300,Greece,Kommounistikó Kómma Elládas,Communist Party of Greece,KKE,5,Q9_5,Q11_5,Q18_5,Q20_5,30005,30005,30005,5,1300210,30006,30005,5,1300210,30004,30005,5,1300210,30006,30005,5,1300210,30005,1300210,48,
300,Greece,Dimokratiko Patriotiko Kinima,Democratic Patriotic Movement,NIKI,7,Q9_7,Q11_7,Q18_7,Q20_7,30006,30007,30006,7,,30007,30006,7,,30007,30006,7,,30009,30006,7,,30006,,9126,
300,Greece,Plefsi Eleftherias,Course of Freedom,PE,8,Q9_8,Q11_8,Q18_8,Q20_8,30007,30008,30007,8,,,30007,8,,30008,30007,8,,,30007,8,,30007,,9088,
300,Greece,Foni Logikis,Voice of Reason,FL,,,,,,30008,,30008,,,30008,30008,,,,,,,,30008,,,30008,,,
300,Greece,MeRa25,European Realistic Disobedience Front,MeRa25,,,,,,30009,,30009,,1300217,30010,30009,,1300217,,30009,,1300217,,30009,,,30009,1300217,7348,
300,Greece,Néa Aristerá,New Left,NA,,,,,,30010,,30010,,,30005,30010,,,,,,,30007,30010,,,30010,,,
300,Greece,Dimokrates,Democrats,D,,,,,,30011,,,,,30009,30011,,,,,,,,30011,,,30011,,,
300,Greece,Patriótes,Patriots – Prodromos Emfietzoglou,,,,,,,30012,,30012,,,,30012,,,,,,,,30012,,,30012,,,
300,Greece,Kósmos,Kosmos,,,,,,,30013,,30013,,,,30013,,,,,,,,30013,,,30013,,,
300,Greece,,I PARTICIPATE for National Sovereignty and Cyprus,,,,,,,30014,,30014,,,,30014,,,,,,,,30014,,,30014,,,
300,Greece,,Party of Friendship,,,,,,,,,,,,,,,,,,,,,,,,,,,
300,Greece,ANTARSYA,Front of the Greek Anticapitalist Left,ANTARSYA,,,,,,30016,,,,,30011,30016,,,,,,,,,,,30016,,95,
300,Greece,,Creation,,,,,,,30017,,30017,,,,30017,,,,,,,,30017,,,30017,,,
300,Greece,,United Popular Front,EPAM,,,,,,30018,,30018,,,,30018,,,,,,,,30018,,,30018,,,
300,Greece,Kinima 21,Movement 21,,,,,,,30019,,30019,,,,30019,,,,,,,,30019,,,30019,,,
300,Greece,Énosi Kentróon,Union of Centrists,EK,,,,,,30020,,30020,,20,,30020,,,,,,,,30020,,,30020,20,,
300,Greece,,Conservatives,,,,,,,30021,,,,,,30021,,,,,,,,,,,30021,,,
300,Greece,Laikós Orthódoxos Synagermós,Popular Orthodox Rally,LAOS,,,,,,30022,,,,,,30022,,,,,,,,,,,30022,,,
300,Greece,Kommounistiko Komma Elladas (marxistiko-leninistiko),Communist Party of Greece (Marxist–Leninist),KKE(m-l),,,,,,30023,,,,,,30023,,,,30023,,,,30023,,,30023,,,
300,Greece,Spartiátes,Spartans,Sp,6,Q9_6,Q11_6,Q18_6,Q20_6,30024,30006,30024,6,,,,,,30005,30024,6,,30008,30024,6,,30024,,9129,The Spartans won 12 seats in the previous 2023 Greek national election
300,Greece,Oikologoi Prasinoi,Ecologist Greens,OP,,,,,,30025,,30025,,,,,,,,,,,,30025,,,30025,,,
300,Greece,Prasino+Mov,Green & Purple,,,,,,,30026,,,,,,,,,,,,,,,,,30026,,,
300,Greece,Orgánosi gia tin Anasigkrótisi tou Kommounistikoú Kómmatos Elládas,Organization for the Reconstruction of the Communist Party of Greece,OAKKE,,,,,,30027,,,,,,,,,,,,,,,,,30027,,,
300,Greece,Volt,Volt Greece,,,,,,,30028,,30028,,,,,,,,,,,,30028,,,30028,,,
300,Greece,Ethnikó Kómma – Éllines,National Party - Greeks,,,,,,,30029,,30029,,,,,,,,,,,,30029,,,30029,,,
300,Greece,Kómma Ellínon Kynigón - Alieón,Party of Greek Hunters-Fishermen,KEKA,,,,,,30030,,,,,,,,,,,,,,30030,,,30030,,,
348,Hungary,Fidesz–Magyar Polgári Szövetség –  Kereszténydemokrata Néppárt,Fidesz – Hungarian Civic Alliance & Christian Democratic People's Party,Fidesz–KDNP,1,Q9_1,Q11_1,Q18_1,Q20_1,34801,34801,34801,1,1348421,34801,34801,1,1348421,34801,34801,1,1348421,,,,1348421,34801,1348421,6366,Fidesz-KDNP is an alliance between Fidesz – Hungarian Civic Alliance and the Christian Democratic People's Party (KDNP) established in 2006. Respondents rated the Fidesz-KDNP alliance jointly in Q9_1
Affiliations for member parties are only specified in Q19 (Party ID). In all other variables,,,,,,,,,,,,,,,,,,,,,,,,,,,,,,
348,Hungary,Tisztelet és Szabadság Párt,Respect and Freedom ,TISZA,2,Q9_2,Q11_2,Q18_2,Q20_2,34802,34802,34802,2,,34802,34802,2,,,,,,34812,34802,2,,34802,,,TISZA did not participate in the previous national election. Hence
348,Hungary,DK,,,,,,,,,,,,,,,,,,,,,,,,,,,,
"Affiliations to individual member parties are only specified in Q19 (Party ID).""",,,,,,,,,,,,,,,,,,,,,,,,,,,,,,
348,Hungary,Mi Hazánk Mozgalom,Our Homeland Movement,MH,5,Q9_5,Q11_5,Q18_5,Q20_5,34804,34805,34804,5,1348702,34805,34804,5,1348702,34804,34804,5,1348702,34807,34804,5,1348702,34804,1348702,7349,
348,Hungary,Momentum Mozgalom,Momentum Movement,MM,4,Q9_4,Q11_4,Q18_4,Q20_4,34805,34804,34805,4,1348430,34804,34805,4,1348430,,,,,34805,34805,4,1348430,34805,1348430,8249,
348,Hungary,Magyar Kétfarkú Kutya Párt,Hungarian Two-Tailed Dog Party,MKKP,7,Q9_7,Q11_7,Q18_7,Q20_7,34806,34807,34806,7,1348959,34807,34806,7,1348959,34803,34806,7,1348959,34806,34806,7,1348959,34806,1348959,6129,
348,Hungary,Jobbik – Konzervatívok,Jobbik – Conservatives,Jobbik,6,Q9_6,Q11_6,Q18_6,Q20_6,34807,34806,34807,6,1348700,34806,34807,6,1348700,,,,,34809,34807,6,1348700,34807,1348700,42,
348,Hungary,LMP – Magyarország Zöld Pártja,LMP – Hungary's Green Party,LMP,8,Q9_8,Q11_8,Q18_8,Q20_8,34808,34808,34808,8,1348110,34808,34808,8,1348110,,,,,34811,34808,8,1348110,34808,1348110,1650,
348,Hungary,Második Reformkor Párt,Second Reform Era ,2RK,,,,,,34809,,34809,,,34810,34809,,,,,,,,,,,34809,,,
348,Hungary,Mindenki Magyarországa Néppárt,Everybody's Hungary People's Party,MMN,,,,,,34810,,34810,,,34811,34810,,,,,,,,34810,,,34810,,,
348,Hungary,Megoldás Mozgalom,Solution Movement,MEMO,,,,,,34811,,,,,34809,34811,,,,,,,,,,,34811,,9128,
348,Hungary,Egységben Magyarországért,United for Hungary (DK - Jobbik - Momentum - MSZP - LMP -Párbeszéd),,3,,,,,,,,,,,,,,,,,,,,,,,,,
As respondents rated multiple coalition members in Q9,,,,,,,,,,,,,,,,,,,,,,,,,,,,,,
348,Hungary,FIDESZ-Magyar Polgári Szövetség,Fidesz – Hungarian Civic Alliance,Fidesz ,1,,,,,34813,,,,,,,,,,,,,34802,34813,1,,34813,,1691,
348,Hungary,Kereszténydemokrata Néppárt KDNP,Christian Democratic People's Party,KDNP,1,,,,,34814,,,,1348421,,,,,,,,1348421,34803,34814,1,1348421,34814,1348421,1412,
348,Hungary,Demokratikus Koalíció,Democratic Coalition,DK,3,,,,,34815,,,,1348330,,,,,,,,,34804,34815,3,1348330,34815,1348330,469,
348,Hungary,Magyar Szocialista Párt,Hungarian Socialist Party,MSZP,3,,,,,34816,,,,,,,,,,,,,34808,34816,3,1348220,34816,1348220,1408,
348,Hungary,Párbeszéd – A Zöldek Pártja,Dialogue – The Greens' Party,Párbeszéd,3,,,,,34817,,,,,,,,,,,,,34810,34817,3,,34817,,3115,
348,Hungary,Normális Élet Pártja,Normal Life ,NEP,,,,,,34818,,,,,,,,,,,,,,34818,,,34818,,,
348,Hungary,Nép Pártján,People's Party,,,,,,,34819,,34819,,,,,,,,,,,,34819,,,34819,,,
348,Hungary,Le Az Adók 75%-ával Párt,Cut Taxes by 75% Party,LA75,,,,,,34820,,34820,,,,,,,,,,,,34820,,,34820,,,
372,Ireland,Fine Gael,Fine Gael (Familiy of the Irish),FG,2,Q9_2,Q11_2,Q18_2,Q20_2,37201,37202,37201,2,1372520,37202,37201,2,1372520,37203,37201,2,1372520,37204,37201,2,1372520,37201,1372520,1288,
372,Ireland,Fianna Fáil,Fianna Fail,FF,3,Q9_3,Q11_3,Q18_3,Q20_3,37202,37203,37202,3,1372620,37201,37202,3,1372620,37202,37202,3,1372620,37203,37202,3,1372620,37202,1372620,1055,
372,Ireland,Sinn Féin,Sinn Fein (We Ourselves),SF,1,Q9_1,Q11_1,Q18_1,Q20_1,37203,37201,37203,1,1372951,37205,37203,1,1372951,37207,37203,1,1372951,37208,37203,1,1372951,37203,1372951,2507,
372,Ireland,Independent Ireland,Independent Ireland,,,,,,,37204,,,,,,37204,,,,,,,,,,,37204,,,
372,Ireland,Páirti Lucht Oibre,Labour Party,Lab,7,Q9_7,Q11_7,Q18_7,Q20_7,37205,37207,37205,7,1372320,37203,37205,7,1372320,37205,37205,7,1372320,37206,37205,7,1372320,37205,1372320,562,
372,Ireland,Green -Comhaontas Glas,Green Party,Greens,5,Q9_5,Q11_5,Q18_5,Q20_5,37206,37205,37206,5,1372110,37204,37206,5,1372110,37204,37206,5,1372110,37205,37206,5,1372110,37206,1372110,1775,
372,Ireland,Neamhspleáigh ar son an Athraithe ,Independents 4 Change,IC,,,,,,37207,,37207,,20,37207,37207,,20,,,,,,,,,37207,20,8181,
372,Ireland,Aontú,Aontú,A,6,Q9_6,Q11_6,Q18_6,Q20_6,37208,37206,37208,6,20,37209,37208,6,20,37201,37208,6,20,37202,37208,6,20,37208,20,8642,
372,Ireland,Daonlathaithe Sóisialta,Social Democrats,DS,4,Q9_4,Q11_4,Q18_4,Q20_4,37209,37204,37209,4,20,37208,37209,4,20,37206,37209,4,20,37207,37209,4,20,37209,20,4870,
372,Ireland,Ireland First,Ireland First,,,,,,,37210,,37210,,,37211,37210,,,,,,,,37210,,,37210,,,
372,Ireland,Dlúthpháirtíocht–Pobal Seachas Brabús,People Before Profit - Solidarity Alliance,PBP-S,8,Q9_8,Q11_8,Q18_8,Q20_8,37211,37208,37211,8,1372222,37206,37211,8,1372222,37208,37211,8,1372222,37209,37211,8,1372222,37211,1372222,242,People Before Profit - Solidarity is an alliance between People Before Profit (PBP) and Solidarity (S) established in 2015. Respondents rated the alliance in Q9
372,Ireland,Irish Freedom Party,Irish Freedom Party,IFP,,,,,,37212,,37212,,,37210,37212,,,,,,,,,,,37212,,,
372,Ireland,An Páirtí Náisiúnta,National Party,NP,,,,,,37213,,,,,,,,,,37213,,,,37213,,,37213,,2053,
372,Ireland,The Irish People,The Irish People,,,,,,,37214,,,,,37212,37214,,,,,,,,,,,37214,,,
372,Ireland,Páirtí Neamhspleách na hEite Clé,Independent Left,,,,,,,37215,,,,,,,,,,37215,,,,37215,,,37215,,,
380,Italy,Fratelli d'Italia,Brothers of Italy,FdI,1,Q9_1,Q11_1,Q18_1,Q20_1,38001,38001,38001,1,1380631,38005,38001,1,1380631,38001,38001,1,1380631,38002,38001,1,1380631,38001,1380631,2280,
380,Italy,Partito Democratico,Democratic Party,PD,2,Q9_2,Q11_2,Q18_2,Q20_2,38002,38002,38002,2,1380331,38010,38002,2,1380331,38002,38002,2,1380331,38003,38002,2,1380331,38002,1380331,802,
380,Italy,Movimento Cinque Stelle,Five Star Movement,MS,3,Q9_3,Q11_3,Q18_3,Q20_3,38003,38003,38003,3,1380956,38008,38003,3,1380956,38004,38003,3,1380956,38004,38003,3,1380956,38003,1380956,2046,
380,Italy,Forza Italia,Go Italy,FI,4,Q9_4,Q11_4,Q18_4,Q20_4,38004,38004,38004,4,1380610,38004,38004,4,1380610,38005,38004,4,1380610,38005,38004,4,1380610,38004,1380610,1626,Forza Italia (FI) formed a joint list with Us Moderates (NM) for the EP 2024 elections. However
380,Italy,Lega Salvini Premier,League for Salvini Premier,LSP,5,Q9_5,Q11_5,Q18_5,Q20_5,38005,38005,38005,5,1380720,38006,38005,5,1380720,38003,38005,5,1380720,38006,38005,5,1380720,38005,1380720,,
380,Italy,Alleanza Verdi e Sinistra,Greens and Left Alliance,SI + EV,6,Q9_6,Q11_6,Q18_6,Q20_6,38006,38006,38006,6,,38001,38006,6,,38007,38006,6,,38007,38006,6,,38006,,,The Greens and Left Alliance is an alliance between Italian Left (SI) and Green Europe (EV) participating in the 2024 EP election and the previous 2022 parliamentary election. Respondents rated the Greens and Left Alliance jointly in Q9_6
380,Italy,Stati Uniti d'Europa,United States of Europe,IV + +E + PSI + RI + LDE + IC'è,8,,,,,38007,,,,,38012,38007,8,,,,,,,,,,38007,,,United States of Europe (SUE) was a joint electoral list for the EP 2024 election by More Europe (+Eu)
380,Italy,Azione,Action,A,7,Q9_7,Q11_7,Q18_7,Q20_7,38008,38007,38008,7,,38003,38008,7,,,,,,38008,38008,7,,38008,,9082,"Action contested the 2024 EP election with a list named ""Action - We are Europeans""."
380,Italy,Pace Terra Dignità,Peace Land Dignity,PTD,,,,,,38009,,,,,38009,38009,,,,,,,,38009,,,38009,,,
380,Italy,Libertà,Freedom,,,,,,,38010,,38010,,,38007,38010,,,,,,,,38010,,,38010,,,
380,Italy,Südtiroler Volkspartei,South Tyrolean People's Party ,SVP,,,,,,38011,,,,,,38011,,1380958,38009,38011,,1380958,,,,,38011,1380958,,The Trentino Tyrolean Autonomist Party (PATT) fielded candidates on the list of the SVP for the 2024 EP election and the previous national election - the SVP's sister party in Trentino. Hence
380,Italy,Alternativa Popolare,Popular Alternative,AP,,,,,,38012,,,,,38002,38012,,,,,,,,,,,38012,,9090,
380,Italy,Democrazia Sovrana Popolare,Sovereign Popular Democracy,DSP,,,,,,38013,,,,,,,,,,38013,,,,38013,,,38013,,,For the previous 2022 election
380,Italy,Italia Viva,Italy Alive,IV,8,Q9_8,Q11_8,Q18_8,Q20_8,38014,38008,38014,8,,,,,,,,,,38009,38014,8,,38014,,8641,
380,Italy,Azione - Italia Viva,Coalition Azione - Italia Viva,A + IV,7 & 8,,,,,38015,,,,,,,,,38006,38015,99,,,,,,38015,,,For the previous 2022 election
380,Italy,Più Europa,More Europe, +E,,,,,,38016,,,,,,,,,,,,,,,,,38016,1380421,,
380,Italy,Italexit per l'Italia,Italexit for Italy,Italexit,,,,,,38017,,,,,,,,,,38017,,,,,,,38017,,9081,
380,Italy,Unione Popolare,People's Union,UP,,,,,,38018,,38018,,,,,,,38008,38018,,,,38018,,,38018,,,
380,Italy,Vita,Life,,,,,,,38019,,,,,,,,,,38019,,,,,,,38019,,,
380,Italy,Partito Animalista Italiano,Animalist Party,,,,,,,38020,,,,,,,,,,,,,,38020,,,38020,,,
380,Italy,Forza del Popolo,Force of the People ,FdP,,,,,,38021,,38021,,,,,,,,,,,,38021,,,38021,,,
380,Italy,Sinistra Italiana,Italian Left,SI,,,,,,38022,,38022,,1380211,,,,,,,,,,,,,38022,1380211,,
380,Italy,Potere al Popolo!,Power to the People,PaP,,,,,,38023,,,,,,,,,,,,,,38023,,,38023,,8247,
380,Italy,Forza Nuova,New Force,FN,,,,,,38024,,,,,,,,,,,,,,38024,,20,38024,20,,
380,Italy,Radicali Italiani,Italian Radicals,RI,,,,,,38025,,,,,,,,,,,,,,38025,,,38025,,8248,
380,Italy,Europa Verde - Verdi,Green Europe - Greens,EV,,,,,,38026,,,,,,,,,,,,,,38026,,,38026,,,
428,Latvia,Jaunā Vienotība,New Unity,JV,1,Q9_1,Q11_1,Q18_1,Q20_1,42801,42801,42801,1,1428610,42815,42801,1,1428610,42801,42801,1,1428610,42802,42801,1,1428610,42801,1428610,9089,New Unity (JV) is an electoral alliance in Latvia established in 2018 by Unity (V) and several regional parties. Respondents rated New Unity in Q9_1
428,Latvia,Nacionālā apvienība: Visu Latvijai -Tēvzemei un Brīvībai/LNNK,National Alliance : All for Latvia! - For Fatherland and Freedom/LNNK,NA,2,Q9_2,Q11_2,Q18_2,Q20_2,42802,42802,42802,2,1428723,42803,42802,2,1428723,42807,42802,2,1428723,42807,42802,2,1428723,42802,1428723,7619,
428,Latvia,Latvijas attīstībai ,For Latvia's Development,LA,8,Q9_8,Q11_8,Q18_8,Q20_8,42803,42808,42803,8,,42805,42803,8,,,,,,,42803,8,20,42803,20,3213,
428,Latvia,Coalition Apvienotais Saraksts (Latvijas Zaļā Partija,,,,,,,,,,,,,,,,,,,,,,,,,,,,
428,Latvia,Progresīvie,The Progressives,P,3,Q9_3,Q11_3,Q18_3,Q20_3,42805,42803,42805,3,1428319,42809,42805,3,1428319,42811,42805,3,1428319,42810,42805,3,1428319,42805,1428319,6357,
428,Latvia,Saskaņa - Sociāldemokrātiskā partija,Social Democratic  Party 'Harmony',S,4,Q9_4,Q11_4,Q18_4,Q20_4,42806,42804,42806,4,1428317,42801,42806,4,1428317,42805,42806,4,1428317,42805,42806,4,1428317,42806,1428317,5976,
428,Latvia,Latvija pirmajā vietā,Latvia First,LPV,5,Q9_5,Q11_5,Q18_5,Q20_5,42807,42805,42807,5,,42804,42807,5,,42808,42807,5,,42808,42807,5,,42807,,9078,
428,Latvia,Suverēnā vara,Sovereign Power,SV,,,,,,42808,,42808,,,42812,42808,,,42804,42808,,,,42808,,,42808,,9138,
428,Latvia,Zaļo un Zemnieku savienība (ZZS),Green and Farmers' Union,ZZS,,,,,,42809,,42809,,1428110,42814,42809,,1428110,42803,42809,,1428110,42804,42809,,1428110,42809,1428110,701,The Green and Farmers Union (ZZS) is an alliance in Latvia founded in 2002. Its current members are Latvian Farmers' Union (LZS)
428,Latvia,Apvienība Jaunlatvieši,Alliance of Young Latvians,AJ,,,,,,42810,,42810,,,42807,42810,,,,,,,,42810,,,42810,,,
428,Latvia,Stabilitātei!,For Stability!,S,6,Q9_6,Q11_6,Q18_6,Q20_6,42811,42806,42811,6,,42816,42811,6,,42806,42811,6,,42806,42811,6,,42811,,9080,
428,Latvia,Centra partija,Centre Party,CP,,,,,,42812,,42812,,,42806,42812,,,,,,,,,,,42812,,,
428,Latvia,Jaunā konservatīvā partija,New Conservative Party ,JKP,,,,,,42813,,42813,,,42802,42813,,,42809,42813,,,42809,42813,,,42813,,6355,The New Conservative Party (JKP) was known as The Conservatives from 2022 - 2023 and contested as such in the previous national election.
428,Latvia,Tauta. Zeme. Valstikums,People. Land. Country.,,,,,,,42814,,42814,,,42813,42814,,,,,,,,42814,,,42814,,,
428,Latvia,Tautas varas spēks,Force of People's Power,,,,,,,42815,,,,,42810,42815,,,,42815,,20,,,,,42815,20,3214,Force of People's Power was known as Alternative until 2022.
428,Latvia,Kustība Par!,Movement For!,MF,,,,,,42816,,42816,,,42811,42816,,,,,,,,42816,,,42816,,7863,
428,Latvia,Attīstībai/Par!,Development/For!,AP!,8,,,,,42817,,,,,,,,,42812,42817,8,1428001,,42817,8,1428001,42817,1428001,8393,Development/For! (AP!) was an electoral coalition from 2018 - 2022 participating in the previous 2022 parliamentary election. AP! consisted of the following parties: Movement For!
428,Latvia,Platforma 21,Platform 21,P21,,,,,,42818,,,,,,,,,42810,42818,,,,,,,42818,,9076,"Platform 21 was founded in 2021 as ""Law and Order"" and was also known as ""For Each and Everyone (KuK)"" from 2022 to 2023"
428,Latvia,Latvijas Krievu savienība ,Latvian Russian Union,LKS,,,,,,42819,,42819,,1428901,,,,,42802,42819,,1428901,42803,42819,,1428901,42819,1428901,5657,
428,Latvia,Republika,Republic,R,,,,,,42820,,,,,,,,,,,,,,42820,,,42820,,,
428,Latvia,Tautas kalpi Latvijai,People's Servants for Latvia,TKL,,,,,,42821,,,,,,,,,,,,,,,,,42821,,,
428,Latvia,Apvienība Latvijai,Union for Latvia,,,,,,,42822,,,,,,,,,,,,,,,,,42822,,,
428,Latvia,Austošā Saule ,Rising Sun,AS,,,,,,42823,,42823,,,,,,,,,,,,42823,,,42823,,,
440,Lithuania,Tėvynės sąjunga – Lietuvos krikščionys demokratai,Homeland Union — Lithuanian Christian Democrats,TS LKD,2,Q9_2,Q11_2,Q18_2,Q20_2,44001,44002,44001,2,1440620,44014,44001,2,1440620,44005,44001,2,1440620,44015,44001,2,1440620,44001,1440620,193,
440,Lithuania,Lietuvos socialdemokratų partija,Lithuanian Social Democratic Party,LSDP,1,Q9_1,Q11_1,Q18_1,Q20_1,44002,44001,44002,1,1440320,44002,44002,1,1440320,44017,44002,1,1440320,44003,44002,1,1440320,44002,1440320,64,
440,Lithuania,Lietuvos valstiečių ir žaliųjų sąjunga,Lithuanian Farmers and Greens Union,LVZS,3,Q9_3,Q11_3,Q18_3,Q20_3,44003,44003,44003,3,1440524,44005,44003,3,1440524,44013,44003,3,1440524,44006,44003,3,1440524,44003,1440524,6811,
440,Lithuania,Laisvės partija,Freedom Party,LP,7,Q9_7,Q11_7,Q18_7,Q20_7,44004,44007,44004,7,,44001,44004,7,,44003,44004,7,,44002,44004,7,,44004,,8982,
440,Lithuania,Demokratų sąjunga: Vardan Lietuvos,Union of Democrats 'For Lithuania',DSVL,6,Q9_6,Q11_6,Q18_6,Q20_6,44005,44006,44005,6,,44013,44005,6,,,,,,44014,44005,6,,44005,,9073,Union of Democrats 'For Lithuania' (DSVL) is a party founded in 2022 and hence did not participate in the previous 2020 national election.
440,Lithuania,Lietuvos lenkų rinkimų akcija - Krikščioniškų šeimų sąjunga,Electoral Action of Poles in Lithuania – Christian Families Alliance,LLRA-KSS,,,,,,44006,,44006,,1440952,44006,44006,,1440952,44008,44006,,1440952,44007,44006,,1440952,44006,1440952,556,
440,Lithuania,Tautos ir teisingumo sąjunga (centristai,,,,,,,,,,,,,,,,,,,,,,,,,,,,
440,Lithuania,Liberalų sąjūdis ,Liberals' Movement,LS,5,Q9_5,Q11_5,Q18_5,Q20_5,44008,44005,44008,5,1440421,44009,44008,5,1440421,44012,44008,5,1440421,44010,44008,5,1440421,44008,1440421,1744,"The LS contested the previous 2020 national election as ""Liberal Movement of the Republic of Lithuania (LRLS)"". The party adopted its current name in 2022."
440,Lithuania,Lietuvos regionų partija,Lithuanian Regions Party,LRP,,,,,,44009,,44009,,1440333,44004,44009,,,44009,44009,,,44005,44009,,,44009,1440333,7352,The Lithuanian Regions Party (LRP) was known as Social Democratic Labour Party of Lithuania (LSDDP) until 2021.
440,Lithuania,Lietuvos žaliųjų partija,Lithuanian Green Party,LZP,,,,,,44010,,44010,,1440110,44007,44010,,1440110,44014,44010,,1440110,44008,44010,,1440110,44010,1440110,1407,
440,Lithuania,Nacionalinis susivienijimas,National Alliance,NS,,,,,,44011,,44011,,,44015,44011,,,44007,44011,,,44016,44011,,,44011,,9096,
440,Lithuania,Taikos koalicija (Lietuvos krikščioniškosios demokratijos partija,,,,,,,,,,,,,,,,,,,,,,,,,,,,
440,Lithuania,Darbo partija,Labour Party,DP,4,Q9_4,Q11_4,Q18_4,Q20_4,44013,44004,44013,4,1440322,44003,44013,4,1440322,44016,44013,4,1440322,44004,44013,4,1440322,44013,1440322,102,
440,Lithuania,Krikščionių sąjunga,Christian Union,KS,,,,,,44014,,44014,,,44012,44014,,,,,,,44013,44014,,,44014,,,
440,Lithuania,Partijai: Laisvė ir teisingumas,Freedom and Justice Party,PLT,,,,,,44015,,44015,,20,44011,44015,,,44002,44015,,,44012,44015,,,44015,20,,Freedom and Justice (PLT) was known as the Lithuanian Freedom Union (Liberals) until mid 2020.
440,Lithuania,Lietuvos krikščioniškosios demokratijos partija,Lithuanian Christian Democracy Party,LKDP ,,,,,,44016,,44016,,,,,,,,,,,44018,44016,,,44016,,,
440,Lithuania,Žemaičių partija,Samogitian Party,Zp,,,,,,44017,,44017,,,,,,,,,,,44011,44017,,,44017,,1291,
440,Lithuania,Drąsos kelias politinė partija,The Way of Courage,DK,,,,,,44018,,,,,,,,,44001,44018,,20,44001,,,,44018,20,74,
440,Lithuania,Partija Lietuva – visų,Lithuania – For Everyone,,,,,,,44019,,,,,,,,,44011,44019,,,,,,,44019,,,
440,Lithuania,Lietuvos liaudies partija,Lithuanian People's Party ,LLP,,,,,,44020,,,,,,,,,44004,44020,,20,44017,44020,,20,44020,20,8256,
440,Lithuania,Nemuno aušra,Dawn of Nemunas,,,,,,,44021,,44021,,,,,,,,,,,44019,44021,,,44021,,,
440,Lithuania,Kartų solidarumo sąjunga – Santalka Lietuvai,Together with the Vytis,,,,,,,44022,,,,,,,,,44010,44022,,,,44022,,,44022,,,
442,Luxembourg,Chrëschtlech-Sozial Vollekspartei,Christian Social People's Party,CSV,4,Q9_4,Q11_4,Q18_4,Q20_4,44201,44204,44201,4,1442520,44211,44201,4,1442520,44204,44201,4,1442520,44205,44201,4,1442520,44201,1442520,539,
442,Luxembourg,Lëtzebuerger Sozialistesch Aarbechterpartei,Luxembourg Socialist Workers' Party,LSAP,1,Q9_1,Q11_1,Q18_1,Q20_1,44202,44201,44202,1,1442320,44203,44202,1,1442320,44201,44202,1,1442320,44202,44202,1,1442320,44202,1442320,186,
442,Luxembourg,Demokratesch Partei,Democratic Party,DP,2,Q9_2,Q11_2,Q18_2,Q20_2,44203,44202,44203,2,1442420,44208,44203,2,1442420,44202,44203,2,1442420,44203,44203,2,1442420,44203,1442420,300,
442,Luxembourg,Déi Gréng,The Greens,Greng,3,Q9_3,Q11_3,Q18_3,Q20_3,44204,44203,44204,3,1442113,44212,44204,3,1442113,44203,44204,3,1442113,44204,44204,3,1442113,44204,1442113,1138,
442,Luxembourg,Alternativ Demokratesch Reformpartei,Alternative Democratic Reform Party,ADR,6,Q9_6,Q11_6,Q18_6,Q20_6,44205,44206,44205,6,1442951,44209,44205,6,1442951,44206,44205,6,1442951,44207,44205,6,1442951,44205,1442951,1114,
442,Luxembourg,Piratepartei Lëtzebuerg,Pirate Party Luxembourg,Pi,7,Q9_7,Q11_7,Q18_7,Q20_7,44206,44207,44206,7,1442901,44213,44206,7,1442901,44207,44206,7,1442901,44208,44206,7,1442901,44206,1442901,2065,
442,Luxembourg,Déi Lénk,The Left,DL,5,Q9_5,Q11_5,Q18_5,Q20_5,44207,44205,44207,5,1442222,44207,44207,5,1442222,44205,44207,5,1442222,44206,44207,5,1442222,44207,1442222,271,
442,Luxembourg,Fokus,Focus,,,,,,,44208,,,,,44204,44208,,,44208,44208,,,,,,,44208,,,
442,Luxembourg,Volt Lëtzebuerg,Volt Luxembourg,VL,,,,,,44209,,,,,44202,44209,,,,,,,,,,,44209,,7353,
442,Luxembourg,Kommunistesch Partei vu Lëtzebuerg,Communist Party of Luxembourg,KPL,,,,,,44210,,,,,44205,44210,,20,44210,44210,,20,,,,,44210,20,1647,
442,Luxembourg,Mir d'Vollek,We the People,MV,,,,,,44211,,,,,44201,44211,,,,,,,,,,,44211,,,
442,Luxembourg,Zesummen - d'Bréck,Together - The Bridge,,,,,,,44212,,,,,44210,44212,,,,,,,,,,,44212,,,
470,Malta,Partit Laburista,Labour Party,LP,4,Q9_4,Q11_4,Q18_4,Q20_4,47001,47004,47001,4,1470300,47004,47001,4,1470300,47003,47001,4,1470300,47005,47001,4,1470300,47001,1470300,808,
470,Malta,Partit Nazzjonalista,Nationalist Party,PN,5,Q9_5,Q11_5,Q18_5,Q20_5,47002,47005,47002,5,1470500,47005,47002,5,1470500,47004,47002,5,1470500,47006,47002,5,1470500,47002,1470500,699,
470,Malta,Imperium Europa,Imperium Europa,IE,3,Q9_3,Q11_3,Q18_3,Q20_3,47003,47003,47003,3,1470951,47003,47003,3,1470951,,,,,47004,47003,3,1470951,47003,1470951,515,Imperium Europa did not contest in the previous 2022 national election in Malta.
470,Malta,ADPD,ADPD (Democratic Alternative + Democratic Party),AD+PD,2,Q9_2,Q11_2,Q18_2,Q20_2,47004,47002,47004,2,,47002,47004,2,,47002,47004,2,,47003,47004,2,,47004,,9066,AD+PD is a merger party between the Democratic Alternative (AD) and the Democratic Party (PD). The two parties merged in 2020 and hence also participated as a single entity in the previous 2022 national election.
470,Malta,Partit ABBA,ABBA,ABBA,1,Q9_1,Q11_1,Q18_1,Q20_1,47005,,,,,47001,47005,1,,,,,,,,,,47005,,,ABBA is only included in the vote choice variable for the 2024 EP election. Nevertheless
470,Malta,Volt Malta,Volt Malta,Volt,,,,,,47006,,,,,47007,47006,,,,,,,47008,47006,,,47006,,,
470,Malta,Partit Popolari,People's Party,PP,6,Q9_6,Q11_6,Q18_6,Q20_6,47007,47006,47007,6,,,,,,47005,47007,6,,47007,47007,6,,47007,,,The People's Party (PP) did not participate in the 2024 EP election
528,Netherlands,Coalition GL - PvdA (GroenLinks,,,,,,,,,,,,,,,,,,,,,,,,,,,,
Respondents rated GroenLinks-PvdA jointly in Q9_3,,,,,,,,,,,,,,,,,,,,,,,,,,,,,,
528,Netherlands,Partij voor de Vrijheid,Party for Freedom,PVV,4,Q9_4,Q11_4,Q18_4,Q20_4,52802,52804,52802,4,1528600,52808,52802,4,1528600,52804,52802,4,1528600,52805,52802,4,1528600,52802,1528600,298,
528,Netherlands,Volkspartij voor Vrijheid en Democratie,People's Party  for Freedom and Democracy,VVD,1,Q9_1,Q11_1,Q18_1,Q20_1,52803,52801,52803,1,1528420,52802,52803,1,1528420,52801,52803,1,1528420,52802,52803,1,1528420,52803,1528420,828,
528,Netherlands,Christen Democratisch Appèl,Christian Democratic Appeal,CDA,8,Q9_8,Q11_8,Q18_8,Q20_8,52804,52808,52804,8,1528521,52803,52804,8,1528521,52805,52804,8,1528521,52806,52804,8,1528521,52804,1528521,1157,
528,Netherlands,Democraten 66,Democrats 66,D66,2,Q9_2,Q11_2,Q18_2,Q20_2,52805,52802,52805,2,1528330,52805,52805,2,1528330,52802,52805,2,1528330,52803,52805,2,1528330,52805,1528330,45,
528,Netherlands,BoerBurgerBeweging,Farmer-Citizen Movement,BBB,5,Q9_5,Q11_5,Q18_5,Q20_5,52806,52805,52806,5,,52813,52806,5,,52815,52806,5,,52816,52806,5,,52806,,9010,
528,Netherlands,Volt Nederland,Volt Netherlands,VN,,,,,,52807,,52807,,20,52817,52807,,20,52810,52807,,20,52811,52807,,20,52807,20,7355,
528,Netherlands,Partij voor de Dieren,Party for the Animals,PvdD,,,,,,52808,,52808,,1528951,52806,52808,,1528951,52808,52808,,1528951,52809,52808,,1528951,52808,1528951,1467,
528,Netherlands,Nieuw Sociaal Contract,New Social Contract,NSC,6,Q9_6,Q11_6,Q18_6,Q20_6,52809,52806,52809,6,,52819,52809,6,,52818,52809,6,,52819,52809,6,,52809,,,
528,Netherlands,Staatkundig Gereformeerde Partij,Reformed Political Party,SGP,,,,,,52810,,52810,,20,52812,52810,,20,52812,52810,,20,52813,52810,,20,52810,20,1178,
528,Netherlands,ChristenUnie,Christian Union,CU,,,,,,52811,,,,,52811,52811,,1528528,52809,52811,,1528528,52810,52811,,1528528,52811,1528528,1459,
528,Netherlands,Forum voor Democratie,Forum for Democracy,FvD,,,,,,52812,,52812,,1528661,52804,52812,,1528661,52807,52812,,1528661,52808,52812,,1528661,52812,1528661,5855,
528,Netherlands,Socialistiese Partij,Socialist Party,SP,7,Q9_7,Q11_7,Q18_7,Q20_7,52813,52807,52813,7,1528220,52815,52813,7,1528220,52806,52813,7,1528220,52807,52813,7,1528220,52813,1528220,1363,
528,Netherlands,50PLUS,50PLUS,50+,,,,,,52814,,,,,52807,52814,,20,52814,52814,,20,52815,52814,,20,52814,20,714,
528,Netherlands,Juiste Antwoord 2021,Right Answer 2021,JA21,,,,,,52815,,52815,,,52809,52815,,,52811,52815,,,52812,52815,,,52815,,9011,
528,Netherlands,Piratenpartij - De Groenen,Pirate Party - The Greens,Groen + PPNL,,,,,,52816,,,,,52820,52816,,,,,,,,,,,52816,,,
528,Netherlands,Belang Van Nederland,Interest of the Netherlands,BVNL,,,,,,52817,,,,,52818,52817,,,52817,52817,,,52818,52817,,,52817,,9106,
528,Netherlands,Meer Directe Democratie,More Direct Democracy,MDD,,,,,,52818,,,,,52814,52818,,,,,,,,,,,52818,,,
528,Netherlands,Nederland met een Plan,Netherlands with a Plan,NLPLAN,,,,,,52819,,,,,52810,52819,,,,52819,,,,,,,52819,,,
528,Netherlands,vandeRegio,vandeRegio,,,,,,,52820,,,,,52816,52820,,,,,,,,,,,52820,,,
528,Netherlands,Politieke Beweging Denk ,Political Movement Think,DENK,,,,,,52821,,,,,,,,,52813,52821,,20,52814,52821,,20,52821,20,5856,
528,Netherlands,BIJ1,BIJ1,BIJ1,,,,,,52822,,,,,,,,,52816,52822,,,52817,52822,,,52822,,,
528,Netherlands,Libertaire Partij,Libertarian Party,LP,,,,,,52823,,52823,,,,,,,,,,,,52823,,,52823,,,
616,Poland,Koalicja Obywatelska ,The Civic Coalition,KO,1,Q9_1,Q11_1,Q18_1,Q20_1,61601,61601,61601,1,1616435,61605,61601,1,1616435,61606,61601,1,1616435,61607,61601,1,1616435,61601,1616435,9122,Civic Coalition (KO) is a political alliance in Poland existing since 2018. It's main member party is Civic Platform (PO). Other coalition members are Modern
616,Poland,Prawo i Sprawiedliwość,Law and Justice,PiS,4,Q9_4,Q11_4,Q18_4,Q20_4,61602,61604,61602,4,1616436,61607,61602,4,1616436,61604,61602,4,1616436,61605,61602,4,1616436,61602,1616436,1565,
616,Poland,Konfederacja Wolność i Niepodległość,Confederation Liberty and Independence,Konfederacja,5,Q9_5,Q11_5,Q18_5,Q20_5,61603,61605,61603,5,,61602,61603,5,,61605,61603,5,,61606,61603,5,,61603,,9026,Confederation Liberty and Independence is an electoral alliance in Poland founded in 2018. Its current members are National Movement (RN)
616,Poland,Trzecia Droga,Third Way,TD,3,Q9_3,Q11_3,Q18_3,Q20_3,61604,61603,61604,3,,61601,61604,3,,61602,61604,3,,61603,61604,3,,61604,,,Third Way is an electoral coalition participating in the 2024 EP elections and the previous 2023 parliamentary elections. It consists of Szymon Hołownia's Poland 2050 (PL2050) and Polish Coalition (KP
616,Poland,Lewica ,The Left,Razem,,,,,,,,,,,,,,,,,,,,,,,,,,
616,Poland,Bezjni Samorządowcy,Nonpartisan Local Government Activists,BS,,,,,,61606,,,,,61603,61606,,,61601,61606,,,61602,61606,,,61606,,,
616,Poland,PolEXIT,PolEXIT,,,,,,,61607,,,,,61604,61607,,,,,,,,,,,61607,,,
616,Poland,Normalny Kraj,Normal Country,NK,,,,,,61608,,,,,61608,61608,,,61609,61608,,,61610,61608,,,61608,,,
616,Poland,Polska Liberalna Strajk Przedsiębiorców,Liberal Poland - Entrepreneurs' Strike,PL!SP,,,,,,61609,,,,,61609,61609,,,,,,,,,,,61609,,,
616,Poland,Ruch Naprawy Polski,Repair Poland Movement,RNP,,,,,,61610,,,,,61610,61610,,,,,,,,,,,61610,,,
616,Poland,Głos Silnej Polski,Voice of Strong Poland,,,,,,,61611,,,,,61611,61611,,,,,,,,,,,61611,,,
616,Poland,Suwarenna Polska,Sovereign Poland,,,,,,,61612,,,,,,,,,,,,,,61612,,,61612,,,
616,Poland,Nowa Lewica,New Left,NL,2,,,,,61613,,,,,,,,,61603,61613,2,,,61613,,,61613,,,
616,Poland,,Left Together,Razem,2,,,,,61614,,,,,,,,,,61614,2,,,61614,,,61614,1616338,,
616,Poland,Polska Jest Jedna,There is One Poland,PJJ,,,,,,61615,,61615,,,,,,,61607,61615,,,61608,61615,,,61615,,,
616,Poland,Ruch Dobrobytu i Pokoju,Prosperity and Peace Movement,Ruch DiP,,,,,,61616,,,,,,,,,61608,61616,,,61609,61616,,,61616,,,
620,Portugal,Partido Socialista ,Socialist Party,PS,5,Q9_5,Q11_5,Q18_5,Q20_5,62001,62005,62001,5,1620311,62013,62001,5,1620311,62005,62001,5,1620311,62007,62001,5,1620311,62001,1620311,65,
620,Portugal,Aliança Democrática,Democratic Alliance,AD,2,,,,,62002,,,,,62010,62002,2,1620314,62002,62002,2,1620314,,,,,62002,1620314,,The Democratic Alliance (AD) is an electoral alliance that contested for the 2024 EP election and the previous March 2024 parliamentary election in Portugal. The alliance consists of the Social Democratic Party (PPD/PSD)
620,Portugal,Chega ,Enough,CH,6,Q9_6,Q11_6,Q18_6,Q20_6,62003,62006,62003,6,,62009,62003,6,,62006,62003,6,,62008,62003,6,,62003,,8182,
620,Portugal,Iniciativa Liberal,Liberal Initiative,IL,4,Q9_4,Q11_4,Q18_4,Q20_4,62004,62004,62004,4,,62004,62004,4,,62004,62004,4,,62006,62004,4,,62004,,8640,
620,Portugal,Bloco de Esquerda ,Left Bloc,BE,3,Q9_3,Q11_3,Q18_3,Q20_3,62005,62003,62005,3,1620211,62002,62005,3,1620211,62003,62005,3,1620211,62005,62005,3,1620211,62005,1620211,1310,
620,Portugal,Coligação Democrática Unitária,Unitary Democratic Coalition,CDU,1,Q9_1,Q11_1,Q18_1,Q20_1,62006,62001,62006,1,1620229,62014,62006,1,1620229,62001,62006,1,1620229,62002,62006,1,1620229,62006,1620229,284,"The Unitary Democratic Coalition (CDU) is an electoral coalition in Portugal founded in 1987. It consists of the Portuguese Communist Party (PCP) and the Ecologist Party ""The Greens"" (PEV). Respondents rated the CDU jointly in Q9_1"
620,Portugal,LIVRE,Livre,L,7,Q9_7,Q11_7,Q18_7,Q20_7,62007,62007,62007,7,,62001,62007,7,,62007,62007,7,,62009,62007,7,,62007,,3225,
620,Portugal,Alternativa Democrática Nacional,National Democratic Alternative,ADN,,,,,,62008,,,,,62008,62008,,20,,,,,,,,,62008,20,4513,
620,Portugal,Pessoas–Animais–Natureza,People Animals Nature,PAN,8,Q9_8,Q11_8,Q18_8,Q20_8,62009,62008,62009,8,1620122,62005,62009,8,1620122,,62009,8,1620122,62010,62009,8,1620122,62009,1620122,97,
620,Portugal,Volt Portugal,Volt Portugal,Volt,,,,,,62010,,,,,62011,62010,,,,,,,,,,,62010,,,
620,Portugal,Ergue-te,Rise Up,E,,,,,,62011,,62011,,,62012,62011,,,,62011,,,,62011,,,62011,,,
620,Portugal,Reagir Incluir Reciclar ,React - Include -  Recycle,R.I.R,,,,,,62012,,,,,62007,62012,,,,,,,,,,,62012,,,
620,Portugal,Nova Direita,New Right,ND,,,,,,62013,,,,,62015,62013,,,,,,,,,,,62013,,,
620,Portugal,Movimento Alternativa Socialista ,Socialist Altenative Movement,MAS,,,,,,62014,,,,,62003,62014,,,,,,,,,,,62014,,,
620,Portugal,Partido da Terra,Earth Party,MPT,,,,,,62015,,,,,62006,62015,,,,,,,,,,,62015,1620110,3226,
620,Portugal,Partido Trabalhista Português,Portuguese Labour Party,PTP,,,,,,62016,,,,,62016,62016,,,,,,,,,,,62016,,3226,
620,Portugal,Nós,,,,,,,,,,,,,,,,,,,,,,,,,,,,
620,Portugal,Partido Social Democrata,Social Democratic Party,PPD/PSD,2,Q9_2,Q11_2,Q18_2,Q20_2,62018,62002,62018,2,1620313,,,,,,,,,62003,62018,2,1620313,62018,1620313,1359,
620,Portugal,CDS – Partido Popular,CDS – People's  Party,CDS-PP,,,,,,62019,,,,,,,,,,,,,62004,62019,,1620520,62019,1620520,1308,
620,Portugal,Juntos pelo Povo,Together for the People,JPP,,,,,,62020,,,,,,,,,,62020,,,,,,,,,,
620,Portugal,Alternativa 21,Alternative 21,,,,,,,62021,,,,,,,,,,62021,,,,62020,,,62020,,,Alternative 21 was an electoral coalition between the Earth Party (MPT) and Alliance (A) for the March 2024 parliamentary election.
642,Romania,Alianța Electorală PSD-PNL,Alliance PSD-PNL,, 1 &  2,,,,,64201,,,,,64202,64201,99,,,,,,,,,,64201,,,For the 2024 EP election
As respondents rated PSD and PNL separately in Q9,,,,,,,,,,,,,,,,,,,,,,,,,,,,,,
642,Romania,Alianța AUR,AUR Alliance,AUR,3,,,,,64202,,,,,64204,64202,3,,,,,,,,,,64202,,8983,AUR Alliance is an alliance for the 2024 EP elections which is coded in Q6
642,Romania,Alianța Dreapta Unită,United Right Alliance,UDA ,4,,,,,64203,,,,,64206,64203,4,,,,,,,,,,64203,,,United Right Alliance (UDA) is an electoral alliance contesting in the 2024 EP election. It consists of the following member parties: Save Romania Union (USR)
Respondents voting for the United Right Alliance are coded as having voted for Party 4 (USR) in Q6n,,,,,,,,,,,,,,,,,,,,,,,,,,,,,,
642,Romania,Uniunea Democrată Maghiară din România,Democratic Union of Hungarians in Romania,UDMR,5,Q9_5,Q11_5,Q18_5,Q20_5,64204,64205,64204,5,1642900,64201,64204,5,1642900,64205,64204,5,1642900,64206,64204,5,1642900,64204,1642900,1105,
642,Romania,Partidul S.O.S România, S.O.S Romania,SOS RO,6,Q9_6,Q11_6,Q18_6,Q20_6,64205,64206,64205,6,,64211,64205,6,,,64205,6,,,64205,6,,64205,,,
642,Romania,Partidul Reînnoim Proiectul European al României,Renewing Romania's European Project,REPER,,,,,,64206,,64206,,,64203,64206,,,,64206,,,,64206,,,64206,,,
642,Romania,Partidul Diaspora Unită,Diaspora Unite Party,PDU,,,,,,64207,,64207,,,64212,64207,,,,64207,,,,64207,,,64207,,,
642,Romania,Partidul Umanist Social Liberal,Social Liberal Humanist Party ,PUSL,,,,,,64208,,64208,,,64205,64208,,,,64208,,,,,,,64208,,,The Social Liberal Humanist Party (PUSL) contested the previous national elections as Humanist Power Party (Social-Liberal) (PPU-SL).
642,Romania,Partidul Patrioților,Patriots Party,PP,,,,,,64209,,,,,64209,64209,,,,,,,,,,,64209,,,
642,Romania,Partidul România Mare,Greater Romania Party,PRM,,,,,,64210,,,,,64208,64210,,1642700,,,,,,64210,,1642700,64210,1642700,1305,
642,Romania,Partidul Alternativa Dreaptă,The Right Alternative,AD,,,,,,64211,,,,,64210,64211,,,,64211,,,,,,,64211,,,
642,Romania,România Socialistă,Socialist Romania Alliance,PSR–PSDM,,,,,,64212,,,,,64207,64212,,,,,,,,,,,64212,,,Socialist Romania is an alliance for the EP 2024 election
642,Romania,Partidul Social Democrat ,Social Democratic Party,PSD,1,Q9_1,Q11_1,Q18_1,Q20_1,64213,64201,64213,1,1642300,,,,,64203,64213,1,1642300,64204,64213,1,1642300,64213,1642300,120,
642,Romania,Partidul Național Liberal,National Liberal Party,PNL,2,Q9_2,Q11_2,Q18_2,Q20_2,64214,64202,64214,2,1642401,,,,,64206,64214,2,1642401,64207,64214,2,1642401,64214,1642401,481,
642,Romania,Alianța pentru Unirea Românilor,Alliance for the Union of Romanians,AUR,3,Q9_3,Q11_3,Q18_3,Q20_3,64215,64203,64215,3,,,,,,64207,64215,3,,64208,64215,3,,64215,,,
642,Romania,Partidul Mișcarea Populară,People's Movement Party,PMP,,,,,,64216,,64216,,1642503,,,,,64202,64216,,,64203,64216,,,64216,1642503,3210,
642,Romania,Uniunea Salvați România,Save Romania Union,USR,4,Q9_4,Q11_4,Q18_4,Q20_4,64217,64204,64217,4,1642421,,,,,,,,,64205,64217,4,1642421,64217,1642421,5969,
642,Romania,Forța Dreptei,Force of the Right,FD,,,,,,64218,,64218,,,,,,,,,,,,,,,64218,,,
642,Romania,Alianța USR-PLUS,USR PLUS Alliance,USR + PLUS,4,,,,,64219,,,,,,,,,64204,64219,4,1642001,,,,,64219,1642001,,USR Plus Alliance was an alliance for the previous 2020 parliamentary election consisting of the Save Romania Union (USR) and the Freedom
642,Romania,Partidul PRO România ,PRO Romania,PRO,,,,,,64220,,,,,,,,,64201,64220,,1642340,64202,64220,,1642340,64220,1642340,7359,
642,Romania,Partidul Ecologist Român,Romanian Ecologist Party,PER,,,,,,64221,,,,,,,,,,64221,,,,,,,64221,,,
642,Romania,Partidul Verde,Green Party - The Greens,Verzii,,,,,,64222,,,,,,,,,,64222,,,,,,,64222,,,
642,Romania,Alianța Renașterea Națională,National Rebirth Alliance,ARN,,,,,,64223,,,,,,,,,,,,,,64223,,,64223,,,
642,Romania,Forumul Democrat al Germanilor din România,Democratic Forum of Germans in Romania,FDGR,,,,,,64224,,,,,,,,,,,,,,64224,,,64224,,,
642,Romania,Noua Dreaptă,The New Right,ND,,,,,,64225,,,,,,,,,,,,,,64225,,,64225,,,
703,Slovakia,Progresívne Slovensko ,Progressive Slovakia ,PS,1,Q9_1,Q11_1,Q18_1,Q20_1,70301,70301,,1,,70310,70301,1,,70305,70301,1,,70307,70301,1,,70301,,7361,
703,Slovakia,SMER – sociálna demokracia,Direction — Social Democracy,Smer,5,Q9_5,Q11_5,Q18_5,Q20_5,70302,70305,70302,5,1703423,70307,70302,5,1703423,70309,70302,5,1703423,70312,70302,5,1703423,70302,1703423,311,
703,Slovakia,REPUBLIKA ,Republic,REP,8,Q9_8,Q11_8,Q18_8,Q20_8,70303,70308,70303,8,,70305,70303,8,,70306,70303,8,,70308,70303,8,,70303,,9072,
703,Slovakia,HLAS – sociálna demokracia,Voice – Social Democracy,HLAS,6,Q9_6,Q11_6,Q18_6,Q20_6,70304,70306,70304,6,,70312,70304,6,,70301,70304,6,,70303,70304,6,,70304,,9071,
703,Slovakia,Kresťanskodemokratické hnutie ,Christian Democratic Movement,KDH,7,Q9_7,Q11_7,Q18_7,Q20_7,70305,70307,70305,7,1703521,70308,70305,7,1703521,70303,70305,7,1703521,70304,70305,7,1703521,70305,1703521,63,
703,Slovakia,Sloboda a Solidarita,Freedom and Solidarity,SaS,3,Q9_3,Q11_3,Q18_3,Q20_3,70306,70303,70306,3,1703440,70309,70306,3,1703440,70307,70306,3,1703440,70309,70306,3,1703440,70306,1703440,1386,
703,Slovakia,Demokrati,Democrats,,,,,,,70307,,70307,,,70301,70307,,,,70307,,,70302,70307,,,70307,,,"The Democrats were known as ""Together - Civic Democracy"" until 2023."
703,Slovakia,Magyar Szövetség – Maďarská aliancia,Hungarian Alliance,SMK-MKP,,,,,,70308,,,,,70302,70308,,1703954,70304,70308,,1703954,70306,70308,,1703954,70308,1703954,,
703,Slovakia,Slovensko - Za ľudí,Slovakia − For the People,S-ZL,2,Q9_2,Q11_2,Q18_2,Q20_2,70309,70302,70309,2,,70311,70309,2,,,,,,70311,70309,2,,70309,,,Slovakia - For the People is a joint electoral list for the 2024 EP election between Slovakia (previously known as OL'aNO)
703,Slovakia,Slovenská národná strana ,Slovak National Party,SNS,4,Q9_4,Q11_4,Q18_4,Q20_4,70310,70304,70310,4,1703710,70304,70310,4,1703710,70308,70310,4,1703710,70310,70310,4,1703710,70310,1703710,730,
703,Slovakia,ZDRAVÝ ROZUM,Common Sense,,,,,,,70311,,,,,,70311,,,,,,,,,,,70311,,,
703,Slovakia,Kotlebovci - Ľudová strana Naše Slovensko,Kotlebists - People's Party - Our Slovakia,ĽSNS,,,,,,70312,,70312,,1703957,70306,70312,,,,70312,,,70305,70312,,,70312,1703957,656,
703,Slovakia,Slovenský PATRIOT,Slovak PATRIOT,PATRIOT,,,,,,70313,,,,,,70313,,,,,,,,,,,70313,,,
703,Slovakia,Volt Slovensko,Volt Slovakia,Volt,,,,,,70314,,,,,70313,70314,,,,,,,,70314,,,70314,,,
703,Slovakia,Pirátska strana – Slovensko,Slovak Pirate Party,SPS,,,,,,70315,,,,,70303,70315,,,,,,,,70315,,,70315,,,The Slovak party had placed a list for the EP 2024 election
Nevertheless,,,,,,,,,,,,,,,,,,,,,,,,,,,,,,
703,Slovakia,OĽaNO a priatelia,OĽaNO and Friends,S,,,,,,70316,,,,,,,,,70302,70316,,,,70316,,,70316,,,OĽaNO and Friends is an electoral coalition for the 2023 parliamentary election consisting of OL'aNO (now known as Slovakia)
703,Slovakia,Sme Rodina,We are Family,SME RODINA,,,,,,70317,,70317,,1703721,,,,,,70317,,1703721,,70317,,,70317,1703721,,
703,Slovakia,VZDOR - strana práce,Resistance - Labor Party,VZDOR,,,,,,70318,,,,,,,,,,,,,,70318,,,70318,,,
705,Slovenia,Slovenska demokratska stranka,Slovenian Democratic Party,SDS,1,Q9_1,Q11_1,Q18_1,Q20_1,70501,70501,70501,1,1705320,70506,70501,1,1705320,70509,70501,1,1705320,70507,70501,1,1705320,70501,1705320,472,
705,Slovenia,Gibanje Svoboda,Freedom Movement,GS,2,Q9_2,Q11_2,Q18_2,Q20_2,70502,70502,70502,2,,70505,70502,2,,70503,70502,2,,70504,70502,2,,70502,,9067,
705,Slovenia,VES – zelena stranka,Vesna - Green Party ,Vesna,8,Q9_8,Q11_8,Q18_8,Q20_8,70503,70508,70503,8,,70502,70503,8,,,70503,8,,70510,70503,8,,70503,,9130,
705,Slovenia,Socialni demokrati ,Social Democrats,SD,5,Q9_5,Q11_5,Q18_5,Q20_5,70504,70505,70504,5,1705323,70504,70504,5,1705323,70511,70504,5,1705323,70509,70504,5,1705323,70504,1705323,1403,
705,Slovenia,Nova Slovenija - krščanski demokrati,New Slovenia - Christian Democrats,NSi,4,Q9_4,Q11_4,Q18_4,Q20_4,70505,70504,70505,4,1705522,70501,70505,4,1705522,70507,70505,4,1705522,70506,70505,4,1705522,70505,1705522,1618,
705,Slovenia,Slovenska ljudska stranka ,Slovenian People's Party,SLS,,,,,,70506,,70506,,1705324,70503,70506,,1705324,,,,,70511,70506,,1705324,70506,1705324,764,
705,Slovenia,Levica,The Left,L,3,Q9_3,Q11_3,Q18_3,Q20_3,70507,70503,70507,3,1705221,70507,70507,3,1705221,70504,70507,3,1705221,70505,70507,3,1705221,70507,1705221,6131,
705,Slovenia,Resni.ca,Resni.ca,Res,6,Q9_6,Q11_6,Q18_6,Q20_6,70508,70506,70508,6,,70508,70508,6,,70502,70508,6,,70503,70508,6,,70508,,9069,
705,Slovenia,DeSUS - DD,DeSUS - DD,DeSUS + DD,,,,,,70509,,,,,70509,70509,,,,,,,,,,,70509,,,DeSUS - DD refers to a joint list for the EP 2024 elections formed between the Democratic Pensioners Party (DeSUS) and Good State (DD). The parties contested on separate platforms in the previous 2022 national election.
705,Slovenia,Zeleni Slovenije ,Greens of Slovenia,ZS,,,,,,70510,,,,,70510,70510,,20,,,,,70512,70510,,20,70510,20,149,
705,Slovenia,Lista Marjana Šarca,List of Marjan Sarec,LMS,,,,,,70511,,,,,,,,,70505,70511,,1705353,,70511,,1705353,70511,1705353,6132,
705,Slovenia,Povežimo Slovenijo ,Let's Connect Slovenia,PoS,,,,,,70512,,,,,,,,,70508,70512,,20,,,,,70512,20,7363,
705,Slovenia,Stranka Alenke Bratušek ,Party of Alenka Bratušek,SAB,,,,,,70513,,,,,,,,,70512,70513,,1705480,,,,,70513,1705480,3114,
705,Slovenia,Piratska stranka Slovenije,Slovenian Pirate Party,PSS,,,,,,70514,,70514,,20,,,,,,70514,,20,,70514,,20,70514,20,3099,
705,Slovenia,Slovenska nacionalna stranka,Slovenian National Party,SNS,7,Q9_7,Q11_7,Q18_7,Q20_7,70515,70507,70515,7,1705710,,,,,70510,70515,7,1705710,70508,70515,7,1705710,70515,1705710,96,The Slovenian National Party did not contest the 2024 EP election. Still
705,Slovenia,Dobra država,Good State,DD,,,,,,70516,,70516,,,,,,,,,,,,,,,70516,20,6133,In the previous 2022 national election
705,Slovenia,Demokratična stranka upokojencev Slovenije,Democratic Party of Pensioners of Slovenia,DeSUS,,,,,,70517,,,,,,,,,70501,70517,,1705951,70502,70517,,1705951,70517,1705951,467,
705,Slovenia,Naša dežela ,Our Country,ND,,,,,,70518,,,,,,,,,70506,70518,,,,70518,,,70518,,9070,
705,Slovenia,Za ljudstvo Slovenije,For the People of Slovenia,,,,,,,70519,,,,,,,,,,70519,,,,,,,70519,,,
705,Slovenia,Lista Borisa Popoviča - Digitalizirajmo Slovenijo,List of Boris Popovič – Let's Digitize Slovenia,LBP,,,,,,70520,,,,,,,,,,70520,,,,,,,70520,,,
705,Slovenia,Glas upokojencev,Voice of Pensioners,,,,,,,70521,,,,,,,,,,,,,,70521,,,70521,,,
705,Slovenia,Nič od tega,None of These,NOT,,,,,,70522,,70522,,,70511,70522,,,,,,,70513,70522,,,70522,,,
724,Spain,Partido Popular ,People's Party,PP,2,Q9_2,Q11_2,Q18_2,Q20_2,72401,72402,72401,2,1724610,72403,72401,2,1724610,72401,72401,2,1724610,72403,72401,2,1724610,72401,1724610,,
724,Spain,Partido Socialista Obrero Español ,Spanish Socialist Workers Party,PSOE,1,Q9_1,Q11_1,Q18_1,Q20_1,72402,72401,72402,1,1724320,72402,72402,1,1724320,72402,72402,1,1724320,72402,72402,1,1724320,72402,1724320,1338,
724,Spain,VOX,Voice,VOX,3,Q9_3,Q11_3,Q18_3,Q20_3,72403,72403,72403,3,1724955,72404,72403,3,1724955,72404,72403,3,1724955,72404,72403,3,1724955,72403,1724955,3218,
724,Spain,Ahora Repúblicas (Esquerra Republicana de Catalunya (ERC) & EH Bildu & Bloque Nationalista Galego (BNG)),Republics Now, (ERC & EHG Bildu & BNG),5,,,,,72404,,,,,72408,72404,5,1724905,,,,,,,,,72404,1724905,,Republics Now is an electoral coalition for the 2024 EP election formed between the Republican Left of Catalonia (ERC)
724,Spain,Sumar,Unite,Sumar,4,Q9_4,Q11_4,Q18_4,Q20_4,72405,72404,72405,4,1724905,72407,72405,4,,72403,72405,4,,72405,72405,4,,72405,,,
724,Spain,Se Acabó La Fiesta,The Party is Over,SALF,,,,,,72406,,72406,,,,72406,,,,72406,,,,72406,,,72406,,,
724,Spain,Podemos,We Can,PODEMOS,8,Q9_8,Q11_8,Q18_8,Q20_8,72407,72408,72407,8,1724230,72401,72407,8,1724230,,72407,,1724230,72406,72407,8,1724230,72407,1724230,3203,
724,Spain,Junts per Catalunya,Together for Catalonia,JxCat,6,Q9_6,Q11_6,Q18_6,Q20_6,72408,72406,72408,6,20,72406,72408,6,20,72406,72408,6,20,72409,72408,6,20,72408,20,7421,Together for Catalonia participated in the EP 2024 elections as Together and Free for Europe (Junts i Lliures per Europa
724,Spain,Coalición por una Europa Solidaria ,Coalition for a Solidary Europe,CEUS,7,,,,,72409,,,,,72410,72409,7,20,,,,,,,,20,72409,20,,Coalition for a Solidary Europe (CEUS) is a joint list of regional parties participating in the 2024 and 2019 EP elections. In 2024
Respondents voting for the CEUS list are coded as having voted for Party 7 (EAJ/PNV) in Q6n,,,,,,,,,,,,,,,,,,,,,,,,,,,,,,
724,Spain,Partido Animalista Con el Medio Ambiente,Animalist Party With the Environment,PACMA,,,,,,72410,,72410,,20,,72410,,20,,72410,,,,72410,,,72410,20,3219,
724,Spain,Ciudadanos,Citizens - Party of the Citizenry,Cs,,,,,,72411,,72411,,1724410,72405,72411,,1724410,,,,,,72411,,,72411,1724410,3217,
724,Spain,Frente Obrero,Workers' Front ,FO,,,,,,72412,,72412,,,,72412,,,,,,,,,,,72412,,,
724,Spain,Feministas al Congreso,Feminists to the Congress,PFAC,,,,,,72413,,,,,,72413,,,,,,,,,,,72413,,,
724,Spain,Ciudadanos En Blanco,Citizens for Blank Votes,EB,,,,,,72414,,,,,,72414,,,,72414,,,,,,,72414,,,
724,Spain,PIRATAS | REBELDES,Pirates–Rebel Alliance,,,,,,,72415,,,,,,72416,,,,,,,,,,,,,,
724,Spain,Esquerra Republicana de Catalunya ,Republican Left of Catalonia,ERC,5,Q9_5,Q11_5,Q18_5,Q20_5,72416,72405,72416,5,1724905,,,,,72405,72416,5,1724905,72407,72416,5,1724905,72416,1724905,848,
724,Spain,Euskal Herria Bildu ,Basque Country Unite,EH Bildu,,,,,,72417,,72417,,20,,72417,,,72407,72417,,20,72411,72417,,20,72417,20,5668,
724,Spain,Euzko Alderdi Jeltzalea-Partido Nacionalista Vasco (EAJ-PNV),Basque Nationalist Party ,EAJ-PNV,7,Q9_7,Q11_7,Q18_7,Q20_7,72418,72407,72418,7,1724902,,,,,72408,72418,7,1724902,72408,72418,7,1724902,72418,1724902,1637,
724,Spain,Bloque Nationalista Galego ,Galician Nationalist Bloc,BNG,,,,,,72419,,72419,,1724908,,,,,72409,72419,,1724908,72410,72419,,1724908,72419,1724908,1011,
724,Spain,Coalicion Canaría,Canarian Coalition,CC,,,,,,72420,,,,,,,,,,,,,72412,72420,,1724907,72420,1724907,,
724,Spain,Candidatura d'Unitat Popular,Popular Unity Candidacy,CUP,,,,,,72421,,,,,,72421,,,,72421,,,,72421,,,72421,,8257,
724,Spain,Adelante Andalucía,Forward Andalusia,,,,,,,72422,,72422,,,,,,,,,,,,72422,,,72422,,,
724,Spain,Alianca Catalana,Catalan Alliance,,,,,,,72423,,72423,,,,,,,,,,,,,,,72423,,,
724,Spain,Unión del Pueblu Llionés,Leonese People's Union,UPL,,,,,,72424,,,,,,,,,,72424,,,,,,,72424,,,
724,Spain,Nueva Canarias-Bloque Canarista,New Canaries - Canarian Bloc,NC-BC,,,,,,72425,,,,,,,,,,72425,,,,,,,72425,,,
724,Spain,Chunta aragonesista,Aragonese Union,CHA,,,,,,72426,,72426,,,,,,,,,,,,,,,,,,
752,Sweden,Socialdemokraterna,Swedish Social Democratic Party ,S,3,Q9_3,Q11_3,Q18_3,Q20_3,75201,75203,75201,3,1752320,75201,75201,3,1752320,75205,75201,3,1752320,75206,75201,3,1752320,75201,1752320,487,
752,Sweden,Moderaterna,Moderate Party,M,1,Q9_1,Q11_1,Q18_1,Q20_1,75202,75201,75202,1,1752620,75202,75202,1,1752620,75201,75202,1,1752620,75202,75202,1,1752620,75202,1752620,690,
752,Sweden,Miljöpartiet de gröna,Green Party ,MP,5,Q9_5,Q11_5,Q18_5,Q20_5,75203,75205,75203,5,1752110,75204,75203,5,1752110,75207,75203,5,1752110,75208,75203,5,1752110,75203,1752110,456,
752,Sweden,Sverigedemokraterna,Sweden Democrats,SD,6,Q9_6,Q11_6,Q18_6,Q20_6,75204,75206,75204,6,1752700,75203,75204,6,1752700,75208,75204,6,1752700,75209,75204,6,1752700,75204,1752700,409,
752,Sweden,Vänsterpartiet,Left  Party,V,4,Q9_4,Q11_4,Q18_4,Q20_4,75205,75204,75205,4,1752220,75207,75205,4,1752220,75206,75205,4,1752220,75207,75205,4,1752220,75205,1752220,830,
752,Sweden,Centerpartiet,Centre Party,C,2,Q9_2,Q11_2,Q18_2,Q20_2,75206,75202,75206,2,1752810,75205,75206,2,1752810,75202,75206,2,1752810,75203,75206,2,1752810,75206,1752810,199,
752,Sweden,Kristdemokraterna,Christian Democrats,KD,8,Q9_8,Q11_8,Q18_8,Q20_8,75207,75208,75207,8,1752520,75206,75207,8,1752520,75204,75207,8,1752520,75205,75207,8,1752520,75207,1752520,651,
752,Sweden,Liberalerna,Liberals,L,7,Q9_7,Q11_7,Q18_7,Q20_7,75208,75207,75208,7,1752420,75208,75208,7,1752420,75203,75208,7,1752420,75204,75208,7,1752420,75208,1752420,1274,
752,Sweden,Folklistan,The People's List,FL,,,,,,75209,,75209,,,75210,75209,,,,,,,75211,75209,,,75209,,,Folkistan was an electoral list for the 2024 EP election composed of individual candidates.
752,Sweden,Alternativ för Sverige,Alternative for Sweden,AFS,,,,,,75210,,75210,,,75209,75210,,,,,,,75210,75210,,,75210,,,
752,Sweden,Piratpartiet,Pirate Party,,,,,,,75211,,75211,,1752000,,75211,,1752000,,75211,,1752000,,75211,,1752000,75211,1752000,1485,
752,Sweden,Medborgerlig Samling,Citizens' Coalition,MED,,,,,,75212,,,,,75212,75212,,,,75212,,,,75212,,,75212,,1633,
752,Sweden,Mänskliga rättigheter och Demokrati,Human Rights and Democracy,MoD,,,,,,75213,,,,,,,,,,75213,,,,75213,,,75213,,,
752,Sweden,Värdigt Liv,Dignified Life,FI−PV,,,,,,75214,,,,,,75214,,,,,,,,75214,,,75214,,,Dignified Life was an electoral list for the 2024 EP election between the Feminist Initiative (FI)
752,Sweden,Sveriges kommunistiska parti,Communist Party of Sweden,SKP,,,,,,75215,,75215,,,,,,,,,,,,75215,,,75215,,,
752,Sweden,Basinkomstpartiet,Basic Income Party,,,,,,,75216,,,,,,,,,,75216,,,,,,,75216,,,
752,Sweden,Socialisterna - Välfärdspartiet,The Socialists - Welfare Party,,,,,,,75217,,,,,,,,,,75217,,,,,,,75217,,,